league,fixture_id,date,home_team,away_team,referee,round,season,match_winner,under_over,advice,goals_home,goals_away,home_pred,draw_pred,away_pred,home_last5_forme,home_last5_att,home_last5_def,home_last5_goals,home_last5_goals_avg,home_last5_goals_against,home_last5_goals_against_avg,home_matches_played_home,home_matches_played_away,home_matches_played_total,home_matches_won_home,home_matches_won_away,home_matches_won_total,home_matches_draw_home,home_matches_draw_away,home_matches_draw_total,home_matches_lost_home,home_matches_lost_away,home_matches_lost_total,home_goals_fav_home,home_goals_fav_away,home_goals_fav_total,home_goals_ag_home,home_goals_ag_away,home_goals_ag_total,home_goalsavg_fav_home,home_goalsavg_fav_away,home_goalsavg_fav_total,home_goalsavg_ag_home,home_goalsavg_ag_away,home_goalsavg_ag_total,away_last5_forme,away_last5_att,away_last5_def,away_last5_goals,away_last5_goals_avg,away_last5_goals_against,away_last5_goals_against_avg,away_matches_played_home,away_matches_played_away,away_matches_played_total,away_matches_won_home,away_matches_won_away,away_matches_won_total,away_matches_draw_home,away_matches_draw_away,away_matches_draw_total,away_matches_lost_home,away_matches_lost_away,away_matches_lost_total,away_goals_fav_home,away_goals_fav_away,away_goals_fav_total,away_goals_ag_home,away_goals_ag_away,away_goals_ag_total,away_goalsavg_fav_home,away_goalsavg_fav_away,away_goalsavg_fav_total,away_goalsavg_ag_home,away_goalsavg_ag_away,away_goalsavg_ag_total,last_h2h_home_home_total,last_h2h_away_home_total,last_h2h_total,last_h2h_home_won_home,last_h2h_home_won_away,last_h2h_home_won_total,last_h2h_away_won_home,last_h2h_away_won_away,last_h2h_away_won_total,last_h2h_draw_home_home,last_h2h_draw_away_home,last_h2h_draw_away_total,comparison_forme_home,comparison_forme_away,comparison_att_home,comparison_att_away,comparison_def_home,comparison_def_away,comparison_fishlaw_home,comparison_fishlaw_away,comparison_h2h_home,comparison_h2h_away,comparison_goalsh2h_home,comparison_goalsh2h_away,odd_home_wins,odd_draw,odd_away_wins,odd_over_1_5,odd_over_2_5,odd_over_3_5,odd_under_1_5,odd_under_2_5,odd_under_3_5,odd_home_or_draw,odd_home_or_away,odd_draw_or_away,cum_ball_possession_home_total,cum_blocked_shots_home_total,cum_corner_kicks_home_total,cum_fouls_home_total,cum_goalkeeper_saves_home_total,cum_offsides_home_total,cum_passes_%_home_total,cum_passes_accurate_home_total,cum_red_cards_home_total,cum_shots_insidebox_home_total,cum_shots_off_goal_home_total,cum_shots_on_goal_home_total,cum_shots_outsidebox_home_total,cum_total_shots_home_total,cum_total_passes_home_total,cum_yellow_cards_home_total,cum_ball_possession_home_avg,cum_blocked_shots_home_avg,cum_corner_kicks_home_avg,cum_fouls_home_avg,cum_goalkeeper_saves_home_avg,cum_offsides_home_avg,cum_passes_%_home_avg,cum_passes_accurate_home_avg,cum_red_cards_home_avg,cum_shots_insidebox_home_avg,cum_shots_off_goal_home_avg,cum_shots_on_goal_home_avg,cum_shots_outsidebox_home_avg,cum_total_shots_home_avg,cum_total_passes_home_avg,cum_yellow_cards_home_avg,cum_ball_possession_home_by_minute,cum_blocked_shots_home_by_minute,cum_corner_kicks_home_by_minute,cum_fouls_home_by_minute,cum_goalkeeper_saves_home_by_minute,cum_offsides_home_by_minute,cum_passes_%_home_by_minute,cum_passes_accurate_home_by_minute,cum_red_cards_home_by_minute,cum_shots_insidebox_home_by_minute,cum_shots_off_goal_home_by_minute,cum_shots_on_goal_home_by_minute,cum_shots_outsidebox_home_by_minute,cum_total_shots_home_by_minute,cum_total_passes_home_by_minute,cum_yellow_cards_home_by_minute,cum_ball_possession_away_total,cum_blocked_shots_away_total,cum_corner_kicks_away_total,cum_fouls_away_total,cum_goalkeeper_saves_away_total,cum_offsides_away_total,cum_passes_%_away_total,cum_passes_accurate_away_total,cum_red_cards_away_total,cum_shots_insidebox_away_total,cum_shots_off_goal_away_total,cum_shots_on_goal_away_total,cum_shots_outsidebox_away_total,cum_total_shots_away_total,cum_total_passes_away_total,cum_yellow_cards_away_total,cum_ball_possession_away_avg,cum_blocked_shots_away_avg,cum_corner_kicks_away_avg,cum_fouls_away_avg,cum_goalkeeper_saves_away_avg,cum_offsides_away_avg,cum_passes_%_away_avg,cum_passes_accurate_away_avg,cum_red_cards_away_avg,cum_shots_insidebox_away_avg,cum_shots_off_goal_away_avg,cum_shots_on_goal_away_avg,cum_shots_outsidebox_away_avg,cum_total_shots_away_avg,cum_total_passes_away_avg,cum_yellow_cards_away_avg,cum_ball_possession_away_by_minute,cum_blocked_shots_away_by_minute,cum_corner_kicks_away_by_minute,cum_fouls_away_by_minute,cum_goalkeeper_saves_away_by_minute,cum_offsides_away_by_minute,cum_passes_%_away_by_minute,cum_passes_accurate_away_by_minute,cum_red_cards_away_by_minute,cum_shots_insidebox_away_by_minute,cum_shots_off_goal_away_by_minute,cum_shots_on_goal_away_by_minute,cum_shots_outsidebox_away_by_minute,cum_total_shots_away_by_minute,cum_total_passes_away_by_minute,cum_yellow_cards_away_by_minute,advice_model,PRED_MLP,PROB_L_MLP,PROB_V_MLP,PROB_E_MLP,match,PROB_COMB,cuota,temperatura,prediccion
Bundesliga 1,209202,2020-06-20,Bayern Munich,SC Freiburg,,33,2019,1 N,,Double chance : Bayern Munich or draws,-3.5,-2.5,0.5,0.5,0.0,1.0,0.76,0.82,13.0,2.6,3.0,0.6,16.0,16.0,32.0,12.0,12.0,24.0,2.0,2.0,4.0,2.0,2.0,4.0,50.0,43.0,93.0,14.0,17.0,31.0,3.1,2.7,2.9,0.9,1.1,1.0,0.53,0.47,0.59,8.0,1.6,7.0,1.4,16.0,16.0,32.0,8.0,4.0,12.0,2.0,7.0,9.0,6.0,5.0,11.0,19.0,24.0,43.0,17.0,27.0,44.0,1.2,1.5,1.3,1.1,1.7,1.4,8.0,9.0,17.0,7.0,5.0,12.0,1.0,0.0,1.0,1.0,3.0,4.0,0.65,0.35,0.62,0.38,0.7,0.7,0.79,0.21,0.85,0.15,0.82,0.18,1.22,6.5,11.0,1.1,1.3,1.8,7.0,3.5,2.0,1.05,1.11,4.0,49.39,289.0,587.0,677.0,144.0,184.0,64.37999999999998,43194.0,5.0,949.0,555.0,554.0,449.0,1398.0,49481.0,109.0,0.6674324324324324,3.9054054054054053,7.9324324324324325,9.14864864864865,1.945945945945946,2.4864864864864864,0.8699999999999998,583.7027027027027,0.06756756756756757,12.824324324324325,7.5,7.486486486486487,6.0675675675675675,18.89189189189189,668.6621621621622,1.472972972972973,0.007415915915915916,0.0433933933933934,0.08813813813813814,0.10165165165165164,0.021621621621621623,0.02762762762762763,0.009666666666666664,6.485585585585586,0.0007507507507507507,0.1424924924924925,0.08333333333333333,0.08318318318318318,0.06741741741741741,0.2099099099099099,7.429579579579579,0.016366366366366368,31.5,220.0,312.0,759.0,254.0,103.0,52.42999999999999,22149.0,5.0,518.0,354.0,300.0,356.0,874.0,28257.0,108.0,0.7263235294117647,4.25,8.632352941176471,9.955882352941176,2.1176470588235294,2.7058823529411766,0.9467647058823526,635.2058823529412,0.07352941176470588,13.955882352941176,8.161764705882353,8.147058823529411,6.602941176470588,20.558823529411764,727.6617647058823,1.6029411764705883,0.008070261437908496,0.04722222222222222,0.09591503267973857,0.11062091503267973,0.023529411764705882,0.030065359477124184,0.010519607843137251,7.057843137254902,0.0008169934640522876,0.1550653594771242,0.09068627450980392,0.09052287581699346,0.07336601307189543,0.2284313725490196,8.085130718954249,0.01781045751633987,Double chance : home or draws,0,0.665899817703352,0.06219117941734023,0.2719090028793077,Bayern Munich vs SC Freiburg,0.9378088205826598,1.05,0.9234596531607714,Bayern Munich gana a SC Freiburg blindada
Bundesliga 1,209203,2020-06-20,RB Leipzig,Borussia Dortmund,,33,2019,N 2,,Double chance :  draws or Borussia Dortmund,-3.5,-2.5,0.1,0.45,0.45,0.6,0.65,0.59,11.0,2.2,7.0,1.4,16.0,16.0,32.0,7.0,10.0,17.0,8.0,4.0,12.0,1.0,2.0,3.0,38.0,41.0,79.0,19.0,15.0,34.0,2.4,2.6,2.5,1.2,0.9,1.1,0.6,0.47,0.76,8.0,1.6,4.0,0.8,16.0,16.0,32.0,11.0,9.0,20.0,3.0,3.0,6.0,2.0,4.0,6.0,46.0,36.0,82.0,13.0,24.0,37.0,2.9,2.3,2.6,0.8,1.5,1.2,3.0,4.0,7.0,1.0,1.0,2.0,2.0,1.0,3.0,1.0,1.0,2.0,0.5,0.5,0.58,0.42,0.36,0.36,0.56,0.44,0.38,0.62,0.42,0.58,2.25,3.8,2.9,1.16,1.57,2.37,5.0,2.37,1.57,1.4,1.25,1.57,38.13,245.0,407.0,924.0,192.0,180.0,56.56999999999999,27903.0,5.0,763.0,440.0,436.0,358.0,1121.0,35533.0,119.0,0.5223287671232877,3.356164383561644,5.575342465753424,12.657534246575343,2.6301369863013697,2.4657534246575343,0.774931506849315,382.2328767123288,0.0684931506849315,10.452054794520548,6.027397260273973,5.972602739726027,4.904109589041096,15.356164383561644,486.75342465753425,1.63013698630137,0.00580365296803653,0.03729071537290715,0.0619482496194825,0.14063926940639268,0.029223744292237442,0.0273972602739726,0.0086103500761035,4.247031963470319,0.00076103500761035,0.11613394216133942,0.0669710806697108,0.06636225266362253,0.054490106544901065,0.17062404870624048,5.408371385083714,0.018112633181126332,42.08,231.0,398.0,603.0,163.0,122.0,60.040000000000006,39450.0,4.0,663.0,343.0,404.0,315.0,978.0,45562.0,85.0,0.5447142857142857,3.5,5.814285714285714,13.2,2.742857142857143,2.5714285714285716,0.808142857142857,398.6142857142857,0.07142857142857142,10.9,6.285714285714286,6.228571428571429,5.114285714285714,16.014285714285716,507.6142857142857,1.7,0.006052380952380953,0.03888888888888889,0.0646031746031746,0.14666666666666667,0.030476190476190476,0.02857142857142857,0.008979365079365078,4.429047619047619,0.0007936507936507937,0.12111111111111111,0.06984126984126984,0.0692063492063492,0.05682539682539683,0.17793650793650795,5.64015873015873,0.01888888888888889,Double chance :  draws or away,1,0.32579564864554594,0.2589752348404501,0.41522911651400407,RB Leipzig vs Borussia Dortmund,0.7410247651595501,1.4,0.7687647836116728,RB Leipzig gana a Borussia Dortmund blindada
Bundesliga 1,209204,2020-06-20,1899 Hoffenheim,Union Berlin,,33,2019,1 N,,Double chance : 1899 Hoffenheim or draws,-2.5,-2.5,0.45,0.45,0.1,0.67,0.53,0.65,9.0,1.8,6.0,1.2,16.0,16.0,32.0,6.0,7.0,13.0,1.0,6.0,7.0,9.0,3.0,12.0,22.0,23.0,45.0,37.0,16.0,53.0,1.4,1.4,1.4,2.3,1.0,1.7,0.53,0.35,0.59,6.0,1.2,7.0,1.4,16.0,16.0,32.0,7.0,4.0,11.0,3.0,2.0,5.0,6.0,10.0,16.0,21.0,17.0,38.0,20.0,34.0,54.0,1.3,1.1,1.2,1.3,2.1,1.7,0.0,1.0,1.0,0.0,1.0,1.0,0.0,0.0,0.0,0.0,0.0,0.0,0.56,0.44,0.6,0.4,0.54,0.54,0.53,0.47,1.0,0.0,1.0,0.0,1.57,4.2,5.5,1.16,1.57,2.37,5.0,2.37,1.57,1.14,1.22,2.25,36.89,242.0,359.0,873.0,241.0,133.0,55.92999999999999,27984.0,4.0,692.0,437.0,389.0,376.0,1068.0,34066.0,138.0,0.5346376811594203,3.5072463768115942,5.202898550724638,12.652173913043478,3.4927536231884058,1.9275362318840579,0.8105797101449275,405.5652173913044,0.057971014492753624,10.028985507246377,6.333333333333333,5.63768115942029,5.449275362318841,15.478260869565217,493.71014492753625,2.0,0.005940418679549114,0.03896940418679549,0.05780998389694042,0.14057971014492754,0.038808373590982284,0.0214170692431562,0.009006441223832528,4.506280193236715,0.0006441223832528181,0.11143317230273753,0.07037037037037037,0.06264090177133655,0.06054750402576489,0.17198067632850242,5.485668276972625,0.022222222222222223,16.009999999999998,126.0,152.0,560.0,123.0,70.0,26.729999999999997,9734.0,7.0,291.0,188.0,164.0,187.0,478.0,13725.0,85.0,0.9707894736842105,6.368421052631579,9.447368421052632,22.973684210526315,6.342105263157895,3.5,1.4718421052631576,736.421052631579,0.10526315789473684,18.210526315789473,11.5,10.236842105263158,9.894736842105264,28.105263157894736,896.4736842105264,3.6315789473684212,0.010786549707602339,0.07076023391812865,0.10497076023391813,0.25526315789473686,0.07046783625730994,0.03888888888888889,0.01635380116959064,8.182456140350878,0.0011695906432748538,0.2023391812865497,0.12777777777777777,0.11374269005847953,0.10994152046783626,0.312280701754386,9.960818713450292,0.04035087719298246,Double chance : home or draws,2,0.22885315614496948,0.5143225442515472,0.2568242996034833,1899 Hoffenheim vs Union Berlin,0.7711468438550305,2.25,1.3380017732720433,Union Berlin gana a 1899 Hoffenheim blindada
Bundesliga 1,209205,2020-06-20,Fortuna Dusseldorf,FC Augsburg,,33,2019,N 2,,Double chance :  draws or FC Augsburg,-2.5,-1.5,0.1,0.45,0.45,0.33,0.35,0.35,6.0,1.2,11.0,2.2,16.0,16.0,32.0,4.0,2.0,6.0,5.0,6.0,11.0,7.0,8.0,15.0,17.0,18.0,35.0,27.0,36.0,63.0,1.1,1.1,1.1,1.7,2.3,2.0,0.33,0.18,0.65,3.0,0.6,6.0,1.2,16.0,16.0,32.0,5.0,4.0,9.0,5.0,3.0,8.0,6.0,9.0,15.0,27.0,16.0,43.0,27.0,33.0,60.0,1.7,1.0,1.3,1.7,2.1,1.9,2.0,3.0,5.0,0.0,2.0,2.0,1.0,2.0,3.0,0.0,0.0,0.0,0.5,0.5,0.67,0.33,0.35,0.35,0.55,0.45,0.4,0.6,0.44,0.56,1.85,3.75,4.0,1.28,1.8,3.2,3.75,2.0,1.36,1.22,1.25,1.83,32.89,223.0,319.0,889.0,243.0,112.0,54.690000000000005,23225.0,1.0,541.0,381.0,334.0,397.0,938.0,29558.0,163.0,0.46323943661971834,3.140845070422535,4.492957746478873,12.52112676056338,3.4225352112676055,1.5774647887323943,0.7702816901408451,327.11267605633805,0.014084507042253521,7.619718309859155,5.366197183098592,4.704225352112676,5.591549295774648,13.211267605633802,416.3098591549296,2.295774647887324,0.005147104851330204,0.03489827856025039,0.049921752738654145,0.13912363067292643,0.038028169014084505,0.017527386541471048,0.00855868544600939,3.634585289514867,0.00015649452269170578,0.08466353677621283,0.05962441314553991,0.05226917057902973,0.062128325508607196,0.14679186228482002,4.62566510172144,0.025508607198748045,29.880000000000003,171.0,278.0,859.0,228.0,181.0,49.40000000000002,18617.0,3.0,527.0,375.0,313.0,332.0,859.0,25503.0,123.0,0.4766666666666667,3.2318840579710146,4.6231884057971016,12.884057971014492,3.5217391304347827,1.6231884057971016,0.792608695652174,336.59420289855075,0.014492753623188406,7.840579710144928,5.521739130434782,4.840579710144928,5.753623188405797,13.594202898550725,428.3768115942029,2.36231884057971,0.005296296296296296,0.03590982286634461,0.05136876006441224,0.1431561996779388,0.0391304347826087,0.018035426731078906,0.008806763285024156,3.739935587761675,0.00016103059581320451,0.08711755233494364,0.06135265700483092,0.0537842190016103,0.0639291465378422,0.15104669887278582,4.7597423510466985,0.026247987117552336,Double chance :  draws or away,2,0.1856226282469597,0.619337228077128,0.1950401436759124,Fortuna Dusseldorf vs FC Augsburg,0.8143773717530404,1.83,1.2136752216308033,FC Augsburg gana a Fortuna Dusseldorf blindada
Bundesliga 1,209206,2020-06-20,Hertha Berlin,Bayer Leverkusen,,33,2019,N 2,,Double chance :  draws or Bayer Leverkusen,-2.5,-2.5,0.1,0.45,0.45,0.27,0.35,0.47,6.0,1.2,9.0,1.8,16.0,16.0,32.0,5.0,5.0,10.0,3.0,5.0,8.0,8.0,6.0,14.0,21.0,24.0,45.0,32.0,25.0,57.0,1.3,1.5,1.4,2.0,1.6,1.8,0.47,0.47,0.41,8.0,1.6,10.0,2.0,16.0,16.0,32.0,8.0,10.0,18.0,4.0,2.0,6.0,4.0,4.0,8.0,31.0,29.0,60.0,22.0,20.0,42.0,1.9,1.8,1.9,1.4,1.3,1.3,7.0,8.0,15.0,2.0,2.0,4.0,5.0,4.0,9.0,1.0,1.0,2.0,0.36,0.64,0.43,0.57,0.53,0.53,0.3,0.7,0.6,0.4,0.44,0.56,5.0,4.33,1.6,1.14,1.44,2.2,5.5,2.75,1.66,2.25,1.2,1.16,33.13000000000001,175.0,287.0,947.0,220.0,130.0,54.25999999999999,23576.0,9.0,540.0,343.0,294.0,272.0,812.0,30054.0,146.0,0.4732857142857144,2.5,4.1,13.528571428571428,3.142857142857143,1.8571428571428572,0.775142857142857,336.8,0.12857142857142856,7.714285714285714,4.9,4.2,3.8857142857142857,11.6,429.34285714285716,2.085714285714286,0.005258730158730161,0.027777777777777776,0.04555555555555556,0.15031746031746032,0.03492063492063492,0.020634920634920634,0.00861269841269841,3.7422222222222223,0.0014285714285714286,0.08571428571428572,0.05444444444444444,0.04666666666666667,0.04317460317460318,0.1288888888888889,4.770476190476191,0.023174603174603174,44.0,254.0,407.0,799.0,203.0,161.0,59.540000000000006,36973.0,7.0,698.0,397.0,406.0,359.0,1057.0,43557.0,117.0,0.46661971830985927,2.464788732394366,4.042253521126761,13.338028169014084,3.0985915492957745,1.8309859154929577,0.764225352112676,332.056338028169,0.1267605633802817,7.605633802816901,4.830985915492958,4.140845070422535,3.8309859154929575,11.43661971830986,423.2957746478873,2.056338028169014,0.005184663536776215,0.027386541471048513,0.04491392801251956,0.14820031298904537,0.03442879499217527,0.02034428794992175,0.008491392801251954,3.6895148669796556,0.0014084507042253522,0.08450704225352113,0.05367762128325509,0.046009389671361506,0.042566510172143975,0.1270735524256651,4.703286384976526,0.022848200312989047,Double chance :  draws or away,2,0.09298235702429257,0.7127834187081833,0.1942342242675241,Hertha Berlin vs Bayer Leverkusen,0.9070176429757074,1.16,0.954309965416281,Bayer Leverkusen gana a Hertha Berlin blindada
Bundesliga 1,209207,2020-06-20,FSV Mainz 05,Werder Bremen,,33,2019,1 N,,Double chance : FSV Mainz 05 or draws,-2.5,-2.5,0.35,0.35,0.3,0.47,0.29,0.82,5.0,1.0,3.0,0.6,16.0,16.0,32.0,4.0,6.0,10.0,2.0,2.0,4.0,10.0,8.0,18.0,15.0,26.0,41.0,28.0,35.0,63.0,0.9,1.6,1.3,1.8,2.2,2.0,0.4,0.35,0.65,6.0,1.2,6.0,1.2,16.0,16.0,32.0,1.0,6.0,7.0,3.0,4.0,7.0,12.0,6.0,18.0,9.0,26.0,35.0,35.0,30.0,65.0,0.6,1.6,1.1,2.2,1.9,2.0,9.0,10.0,19.0,2.0,5.0,7.0,2.0,5.0,7.0,2.0,3.0,5.0,0.54,0.46,0.45,0.55,0.67,0.67,0.37,0.63,0.5,0.5,0.58,0.42,2.6,3.5,2.62,1.2,1.72,2.62,4.5,2.1,1.5,1.44,1.28,1.5,30.04,247.0,317.0,882.0,237.0,147.0,50.68,19830.0,4.0,547.0,418.0,294.0,412.0,959.0,25953.0,127.0,0.4483582089552239,3.6865671641791047,4.731343283582089,13.164179104477611,3.537313432835821,2.1940298507462686,0.7564179104477612,295.97014925373134,0.05970149253731343,8.164179104477611,6.2388059701492535,4.388059701492537,6.149253731343284,14.313432835820896,387.35820895522386,1.8955223880597014,0.004981757877280265,0.040961857379767826,0.052570480928689885,0.14626865671641792,0.039303482587064675,0.02437810945273632,0.008404643449419569,3.288557213930348,0.0006633499170812604,0.09071310116086236,0.06932006633499171,0.04875621890547264,0.06832504145936982,0.15903814262023216,4.303980099502487,0.021061359867330015,37.42,243.0,353.0,941.0,217.0,107.0,57.60000000000001,28285.0,8.0,611.0,393.0,362.0,387.0,998.0,35293.0,150.0,0.4115068493150685,3.3835616438356166,4.342465753424658,12.082191780821917,3.2465753424657535,2.0136986301369864,0.6942465753424657,271.64383561643837,0.0547945205479452,7.493150684931507,5.726027397260274,4.027397260273973,5.6438356164383565,13.136986301369863,355.52054794520546,1.7397260273972603,0.004572298325722983,0.037595129375951296,0.048249619482496196,0.13424657534246576,0.036073059360730596,0.02237442922374429,0.007713850837138508,3.0182648401826486,0.0006088280060882801,0.0832572298325723,0.06362252663622527,0.04474885844748858,0.06270928462709284,0.14596651445966513,3.950228310502283,0.01933028919330289,Double chance : home or draws,2,0.06116317181951287,0.5283972200154355,0.4104396081650516,FSV Mainz 05 vs Werder Bremen,0.9388368281804871,1.5,1.322121884921996,Werder Bremen gana a FSV Mainz 05 blindada
Bundesliga 1,209208,2020-06-20,FC Schalke 04,VfL Wolfsburg,,33,2019,N 2,,Double chance :  draws or VfL Wolfsburg,-1.5,-2.5,0.1,0.45,0.45,0.13,0.24,0.59,4.0,0.8,7.0,1.4,16.0,16.0,32.0,5.0,4.0,9.0,7.0,5.0,12.0,4.0,7.0,11.0,19.0,18.0,37.0,23.0,27.0,50.0,1.2,1.1,1.2,1.4,1.7,1.6,0.47,0.47,0.53,8.0,1.6,8.0,1.6,16.0,16.0,32.0,4.0,8.0,12.0,7.0,3.0,10.0,5.0,5.0,10.0,19.0,25.0,44.0,19.0,22.0,41.0,1.2,1.6,1.4,1.2,1.4,1.3,10.0,10.0,20.0,9.0,3.0,12.0,4.0,0.0,4.0,1.0,3.0,4.0,0.22,0.78,0.33,0.67,0.53,0.53,0.41,0.59,0.71,0.29,0.6,0.4,5.25,4.0,1.61,1.25,1.72,3.0,4.0,2.1,1.4,2.2,1.22,1.16,34.61,225.0,338.0,939.0,241.0,176.0,54.989999999999995,22980.0,6.0,548.0,374.0,291.0,342.0,890.0,29647.0,145.0,0.4806944444444444,3.125,4.694444444444445,13.041666666666666,3.3472222222222223,2.4444444444444446,0.7637499999999999,319.1666666666667,0.08333333333333333,7.611111111111111,5.194444444444445,4.041666666666667,4.75,12.36111111111111,411.7638888888889,2.013888888888889,0.0053410493827160494,0.034722222222222224,0.052160493827160495,0.1449074074074074,0.03719135802469136,0.027160493827160494,0.008486111111111111,3.5462962962962963,0.000925925925925926,0.08456790123456791,0.05771604938271605,0.04490740740740741,0.05277777777777778,0.13734567901234568,4.575154320987655,0.022376543209876542,35.58,207.0,349.0,851.0,216.0,146.0,52.68000000000001,23309.0,4.0,555.0,371.0,330.0,353.0,908.0,30312.0,136.0,0.5015942028985507,3.260869565217391,4.898550724637682,13.608695652173912,3.4927536231884058,2.550724637681159,0.7969565217391303,333.04347826086956,0.08695652173913043,7.942028985507246,5.420289855072464,4.217391304347826,4.956521739130435,12.898550724637682,429.6666666666667,2.101449275362319,0.005573268921095008,0.036231884057971016,0.054428341384863126,0.15120772946859903,0.038808373590982284,0.028341384863123993,0.008855072463768114,3.7004830917874396,0.000966183574879227,0.08824476650563608,0.060225442834138485,0.04685990338164251,0.05507246376811594,0.143317230273752,4.774074074074074,0.023349436392914653,Double chance :  draws or away,0,0.8516366457280655,0.03777086917813001,0.11059248509380445,FC Schalke 04 vs VfL Wolfsburg,0.96222913082187,2.2,2.036946780444865,FC Schalke 04 gana a VfL Wolfsburg
Bundesliga 1,209209,2020-06-20,FC Koln,Eintracht Frankfurt,,33,2019,N 2,,Double chance :  draws or Eintracht Frankfurt,-2.5,-2.5,0.1,0.45,0.45,0.07,0.35,0.24,6.0,1.2,13.0,2.6,16.0,16.0,32.0,6.0,4.0,10.0,3.0,2.0,5.0,7.0,10.0,17.0,27.0,22.0,49.0,26.0,36.0,62.0,1.7,1.4,1.5,1.6,2.3,1.9,0.8,0.65,0.71,11.0,2.2,5.0,1.0,16.0,16.0,32.0,7.0,5.0,12.0,4.0,1.0,5.0,5.0,10.0,15.0,33.0,22.0,55.0,25.0,32.0,57.0,2.1,1.4,1.7,1.6,2.0,1.8,5.0,6.0,11.0,4.0,2.0,6.0,4.0,1.0,5.0,0.0,0.0,0.0,0.08,0.92,0.35,0.65,0.28,0.28,0.59,0.41,0.4,0.6,0.47,0.53,2.75,3.8,2.3,1.16,1.5,2.2,5.0,2.62,1.66,1.57,1.25,1.4,16.67,114.0,188.0,489.0,94.0,82.0,26.14,11081.0,4.0,320.0,188.0,176.0,158.0,478.0,14230.0,80.0,0.4902941176470589,3.3529411764705883,5.529411764705882,14.382352941176471,2.764705882352941,2.411764705882353,0.7688235294117647,325.9117647058824,0.11764705882352941,9.411764705882353,5.529411764705882,5.176470588235294,4.647058823529412,14.058823529411764,418.52941176470586,2.3529411764705883,0.005447712418300654,0.03725490196078431,0.06143790849673202,0.15980392156862744,0.03071895424836601,0.02679738562091503,0.00854248366013072,3.6212418300653595,0.00130718954248366,0.10457516339869281,0.06143790849673202,0.05751633986928104,0.05163398692810457,0.15620915032679739,4.650326797385621,0.026143790849673203,33.69,214.0,394.0,865.0,247.0,156.0,50.83000000000001,20918.0,8.0,659.0,389.0,335.0,279.0,938.0,28068.0,137.0,0.24159420289855074,1.6521739130434783,2.7246376811594204,7.086956521739131,1.3623188405797102,1.1884057971014492,0.37884057971014495,160.59420289855072,0.057971014492753624,4.63768115942029,2.7246376811594204,2.550724637681159,2.289855072463768,6.927536231884058,206.231884057971,1.1594202898550725,0.0026843800322061194,0.018357487922705314,0.030273752012882446,0.078743961352657,0.015136876006441223,0.01320450885668277,0.004209339774557166,1.7843800322061192,0.0006441223832528181,0.05152979066022544,0.030273752012882446,0.028341384863123993,0.025442834138486314,0.07697262479871175,2.2914653784219,0.01288244766505636,Double chance :  draws or away,0,0.8485210388912078,0.08253220879972507,0.06894675230906726,FC Koln vs Eintracht Frankfurt,0.917467791200275,1.57,1.3215430221871611,FC Koln gana a Eintracht Frankfurt
Bundesliga 1,209210,2020-06-20,SC Paderborn 07,Borussia Monchengladbach,,33,2019,2,,Winner : Borussia Monchengladbach,-1.5,-3.5,0.0,0.5,0.5,0.13,0.18,0.24,3.0,0.6,13.0,2.6,16.0,16.0,32.0,2.0,2.0,4.0,2.0,6.0,8.0,12.0,8.0,20.0,20.0,14.0,34.0,43.0,25.0,68.0,1.3,0.9,1.1,2.7,1.6,2.1,0.47,0.47,0.76,8.0,1.6,4.0,0.8,16.0,16.0,32.0,11.0,7.0,18.0,2.0,3.0,5.0,3.0,6.0,9.0,38.0,23.0,61.0,20.0,18.0,38.0,2.4,1.4,1.9,1.3,1.1,1.2,1.0,2.0,3.0,0.0,0.0,0.0,2.0,1.0,3.0,0.0,0.0,0.0,0.22,0.78,0.27,0.73,0.24,0.24,0.26,0.74,0.0,1.0,0.14,0.86,10.0,6.5,1.25,1.11,1.33,1.9,6.5,3.4,1.9,3.75,1.11,1.06,16.840000000000003,134.0,195.0,471.0,107.0,68.0,27.58,11229.0,2.0,280.0,214.0,153.0,221.0,501.0,14476.0,86.0,0.46777777777777785,3.7222222222222223,5.416666666666667,13.083333333333334,2.9722222222222223,1.8888888888888888,0.7661111111111111,311.9166666666667,0.05555555555555555,7.777777777777778,5.944444444444445,4.25,6.138888888888889,13.916666666666666,402.1111111111111,2.388888888888889,0.005197530864197532,0.04135802469135803,0.06018518518518518,0.14537037037037037,0.03302469135802469,0.020987654320987655,0.008512345679012346,3.4657407407407406,0.0006172839506172839,0.08641975308641975,0.06604938271604938,0.04722222222222222,0.06820987654320988,0.15462962962962962,4.4679012345679014,0.02654320987654321,36.129999999999995,236.0,377.0,748.0,241.0,165.0,55.959999999999994,28305.0,3.0,617.0,339.0,363.0,321.0,938.0,34073.0,118.0,0.24764705882352947,1.9705882352941178,2.8676470588235294,6.926470588235294,1.5735294117647058,1.0,0.40558823529411764,165.13235294117646,0.029411764705882353,4.117647058823529,3.1470588235294117,2.25,3.25,7.367647058823529,212.88235294117646,1.2647058823529411,0.002751633986928105,0.021895424836601306,0.031862745098039214,0.0769607843137255,0.017483660130718955,0.011111111111111112,0.004506535947712418,1.8348039215686274,0.000326797385620915,0.0457516339869281,0.03496732026143791,0.025,0.03611111111111111,0.08186274509803922,2.365359477124183,0.014052287581699347,Winner : away,2,0.33149830883858233,0.4144061009494422,0.2540955902119754,SC Paderborn 07 vs Borussia Monchengladbach,0.6685016911614177,1.06,0.473708181750816,Borussia Monchengladbach gana a SC Paderborn 07 blindada
