league,fixture_id,date,home_team,away_team,match_winner,under_over,advice,goals_home,goals_away,home_pred,draw_pred,away_pred,home_last5_forme,home_last5_att,home_last5_def,home_last5_goals,home_last5_goals_avg,home_last5_goals_against,home_last5_goals_against_avg,home_matches_played_home,home_matches_played_away,home_matches_played_total,home_matches_won_home,home_matches_won_away,home_matches_won_total,home_matches_draw_home,home_matches_draw_away,home_matches_draw_total,home_matches_lost_home,home_matches_lost_away,home_matches_lost_total,home_goals_fav_home,home_goals_fav_away,home_goals_fav_total,home_goals_ag_home,home_goals_ag_away,home_goals_ag_total,home_goalsavg_fav_home,home_goalsavg_fav_away,home_goalsavg_fav_total,home_goalsavg_ag_home,home_goalsavg_ag_away,home_goalsavg_ag_total,away_last5_forme,away_last5_att,away_last5_def,away_last5_goals,away_last5_goals_avg,away_last5_goals_against,away_last5_goals_against_avg,away_matches_played_home,away_matches_played_away,away_matches_played_total,away_matches_won_home,away_matches_won_away,away_matches_won_total,away_matches_draw_home,away_matches_draw_away,away_matches_draw_total,away_matches_lost_home,away_matches_lost_away,away_matches_lost_total,away_goals_fav_home,away_goals_fav_away,away_goals_fav_total,away_goals_ag_home,away_goals_ag_away,away_goals_ag_total,away_goalsavg_fav_home,away_goalsavg_fav_away,away_goalsavg_fav_total,away_goalsavg_ag_home,away_goalsavg_ag_away,away_goalsavg_ag_total,last_h2h_home_home_total,last_h2h_away_home_total,last_h2h_total,last_h2h_home_won_home,last_h2h_home_won_away,last_h2h_home_won_total,last_h2h_away_won_home,last_h2h_away_won_away,last_h2h_away_won_total,last_h2h_draw_home_home,last_h2h_draw_away_home,last_h2h_draw_away_total,comparison_forme_home,comparison_forme_away,comparison_att_home,comparison_att_away,comparison_def_home,comparison_def_away,comparison_fishlaw_home,comparison_fishlaw_away,comparison_h2h_home,comparison_h2h_away,comparison_goalsh2h_home,comparison_goalsh2h_away,odd_home_wins,odd_draw,odd_away_wins,odd_over_1_5,odd_over_2_5,odd_over_3_5,odd_under_1_5,odd_under_2_5,odd_under_3_5,odd_home_or_draw,odd_home_or_away,odd_draw_or_away,cum_ball_possession_home_total,cum_blocked_shots_home_total,cum_corner_kicks_home_total,cum_fouls_home_total,cum_goalkeeper_saves_home_total,cum_offsides_home_total,cum_passes_%_home_total,cum_passes_accurate_home_total,cum_red_cards_home_total,cum_shots_insidebox_home_total,cum_shots_off_goal_home_total,cum_shots_on_goal_home_total,cum_shots_outsidebox_home_total,cum_total_shots_home_total,cum_total_passes_home_total,cum_yellow_cards_home_total,cum_ball_possession_home_avg,cum_blocked_shots_home_avg,cum_corner_kicks_home_avg,cum_fouls_home_avg,cum_goalkeeper_saves_home_avg,cum_offsides_home_avg,cum_passes_%_home_avg,cum_passes_accurate_home_avg,cum_red_cards_home_avg,cum_shots_insidebox_home_avg,cum_shots_off_goal_home_avg,cum_shots_on_goal_home_avg,cum_shots_outsidebox_home_avg,cum_total_shots_home_avg,cum_total_passes_home_avg,cum_yellow_cards_home_avg,cum_ball_possession_home_by_minute,cum_blocked_shots_home_by_minute,cum_corner_kicks_home_by_minute,cum_fouls_home_by_minute,cum_goalkeeper_saves_home_by_minute,cum_offsides_home_by_minute,cum_passes_%_home_by_minute,cum_passes_accurate_home_by_minute,cum_red_cards_home_by_minute,cum_shots_insidebox_home_by_minute,cum_shots_off_goal_home_by_minute,cum_shots_on_goal_home_by_minute,cum_shots_outsidebox_home_by_minute,cum_total_shots_home_by_minute,cum_total_passes_home_by_minute,cum_yellow_cards_home_by_minute,cum_ball_possession_away_total,cum_blocked_shots_away_total,cum_corner_kicks_away_total,cum_fouls_away_total,cum_goalkeeper_saves_away_total,cum_offsides_away_total,cum_passes_%_away_total,cum_passes_accurate_away_total,cum_red_cards_away_total,cum_shots_insidebox_away_total,cum_shots_off_goal_away_total,cum_shots_on_goal_away_total,cum_shots_outsidebox_away_total,cum_total_shots_away_total,cum_total_passes_away_total,cum_yellow_cards_away_total,cum_ball_possession_away_avg,cum_blocked_shots_away_avg,cum_corner_kicks_away_avg,cum_fouls_away_avg,cum_goalkeeper_saves_away_avg,cum_offsides_away_avg,cum_passes_%_away_avg,cum_passes_accurate_away_avg,cum_red_cards_away_avg,cum_shots_insidebox_away_avg,cum_shots_off_goal_away_avg,cum_shots_on_goal_away_avg,cum_shots_outsidebox_away_avg,cum_total_shots_away_avg,cum_total_passes_away_avg,cum_yellow_cards_away_avg,cum_ball_possession_away_by_minute,cum_blocked_shots_away_by_minute,cum_corner_kicks_away_by_minute,cum_fouls_away_by_minute,cum_goalkeeper_saves_away_by_minute,cum_offsides_away_by_minute,cum_passes_%_away_by_minute,cum_passes_accurate_away_by_minute,cum_red_cards_away_by_minute,cum_shots_insidebox_away_by_minute,cum_shots_off_goal_away_by_minute,cum_shots_on_goal_away_by_minute,cum_shots_outsidebox_away_by_minute,cum_total_shots_away_by_minute,cum_total_passes_away_by_minute,cum_yellow_cards_away_by_minute,advice_model,round,PRED,PROB_L,PROB_V,PROB_E
Bundesliga 1,209171,2020-05-29T18:30:00+00:00,SC Freiburg,Bayer Leverkusen,N 2,,Double chance :  draws or Bayer Leverkusen,-2.5,-3.5,0.1,0.45,0.45,0.33,0.54,0.46,7.0,1.4,7.0,1.4,13.0,15.0,28.0,6.0,4.0,10.0,2.0,6.0,8.0,5.0,5.0,10.0,16.0,22.0,38.0,15.0,25.0,40.0,1.2,1.5,1.4,1.2,1.7,1.4,0.67,1.0,0.46,13.0,2.6,7.0,1.4,14.0,14.0,28.0,7.0,9.0,16.0,4.0,1.0,5.0,3.0,4.0,7.0,26.0,27.0,53.0,17.0,19.0,36.0,1.9,1.9,1.9,1.2,1.4,1.3,9.0,9.0,18.0,2.0,1.0,3.0,5.0,3.0,8.0,4.0,3.0,7.0,0.33,0.67,0.35,0.65,0.5,0.5,0.4,0.6,0.25,0.75,0.13,0.88,4.75,4.1,1.66,1.16,1.57,2.3,5.0,2.37,1.61,2.1,1.22,1.18,13.600000000000001,89.0,129.0,268.0,124.0,47.0,21.61,9213.0,2.0,236.0,158.0,118.0,129.0,365.0,11772.0,37.0,0.48571428571428577,3.1785714285714284,4.607142857142857,9.571428571428571,4.428571428571429,1.6785714285714286,0.7717857142857143,329.0357142857143,0.07142857142857142,8.428571428571429,5.642857142857143,4.214285714285714,4.607142857142857,13.035714285714286,420.42857142857144,1.3214285714285714,0.005396825396825397,0.03531746031746032,0.05119047619047619,0.10634920634920635,0.049206349206349205,0.01865079365079365,0.008575396825396825,3.655952380952381,0.0007936507936507937,0.09365079365079365,0.0626984126984127,0.046825396825396826,0.05119047619047619,0.14484126984126985,4.671428571428572,0.014682539682539682,17.75,116.0,171.0,323.0,87.0,75.0,23.53,14691.0,6.0,286.0,142.0,166.0,138.0,424.0,17317.0,48.0,0.48571428571428577,3.1785714285714284,4.607142857142857,9.571428571428571,4.428571428571429,1.6785714285714286,0.7717857142857143,329.0357142857143,0.07142857142857142,8.428571428571429,5.642857142857143,4.214285714285714,4.607142857142857,13.035714285714286,420.42857142857144,1.3214285714285714,0.005396825396825397,0.03531746031746032,0.05119047619047619,0.10634920634920635,0.049206349206349205,0.01865079365079365,0.008575396825396825,3.655952380952381,0.0007936507936507937,0.09365079365079365,0.0626984126984127,0.046825396825396826,0.05119047619047619,0.14484126984126985,4.671428571428572,0.014682539682539682,Double chance :  draws or away,29,1,0.2857023449606615,0.37334750126669985,0.34095015377263865
Bundesliga 1,209168,2020-05-30T13:30:00+00:00,VfL Wolfsburg,Eintracht Frankfurt,1 N,,Double chance : VfL Wolfsburg or draws,-2.5,-2.5,0.45,0.45,0.1,0.53,0.62,0.54,8.0,1.6,6.0,1.2,14.0,14.0,28.0,4.0,7.0,11.0,6.0,3.0,9.0,4.0,4.0,8.0,16.0,24.0,40.0,15.0,19.0,34.0,1.1,1.7,1.4,1.1,1.4,1.2,0.07,0.54,0.0,7.0,1.4,17.0,3.4,14.0,13.0,27.0,6.0,2.0,8.0,4.0,1.0,5.0,4.0,10.0,14.0,31.0,13.0,44.0,22.0,30.0,52.0,2.2,1.0,1.6,1.6,2.3,1.9,8.0,9.0,17.0,3.0,5.0,8.0,2.0,2.0,4.0,3.0,2.0,5.0,0.89,0.11,0.53,0.47,0.74,0.74,0.69,0.31,0.71,0.29,0.58,0.42,1.95,3.75,3.75,1.22,1.66,2.62,4.33,2.2,1.5,1.25,1.25,1.8,13.59,81.0,143.0,395.0,84.0,66.0,20.94,8785.0,3.0,230.0,166.0,135.0,152.0,382.0,11615.0,53.0,0.4853571428571429,2.892857142857143,5.107142857142857,14.107142857142858,3.0,2.357142857142857,0.7478571428571429,313.75,0.10714285714285714,8.214285714285714,5.928571428571429,4.821428571428571,5.428571428571429,13.642857142857142,414.82142857142856,1.8928571428571428,0.005392857142857143,0.03214285714285714,0.056746031746031746,0.15674603174603174,0.03333333333333333,0.02619047619047619,0.00830952380952381,3.486111111111111,0.0011904761904761906,0.09126984126984126,0.06587301587301587,0.05357142857142857,0.06031746031746032,0.15158730158730158,4.609126984126984,0.021031746031746033,13.219999999999999,93.0,172.0,327.0,101.0,48.0,20.13,8415.0,3.0,292.0,177.0,149.0,127.0,419.0,11149.0,54.0,0.5033333333333333,3.0,5.296296296296297,14.62962962962963,3.111111111111111,2.4444444444444446,0.7755555555555556,325.3703703703704,0.1111111111111111,8.518518518518519,6.148148148148148,5.0,5.62962962962963,14.148148148148149,430.18518518518516,1.962962962962963,0.005592592592592593,0.03333333333333333,0.0588477366255144,0.16255144032921812,0.0345679012345679,0.027160493827160494,0.008617283950617284,3.6152263374485596,0.0012345679012345679,0.09465020576131687,0.06831275720164609,0.05555555555555555,0.06255144032921811,0.15720164609053497,4.779835390946502,0.021810699588477367,Double chance : home or draws,29,2,0.3050177813216163,0.3471385758189322,0.3478436428594516
Bundesliga 1,209169,2020-05-30T13:30:00+00:00,Hertha Berlin,FC Augsburg,1 N,,Double chance : Hertha Berlin or draws,-3.5,-2.5,0.45,0.45,0.1,0.6,1.0,0.46,14.0,2.8,7.0,1.4,14.0,14.0,28.0,4.0,5.0,9.0,3.0,5.0,8.0,7.0,4.0,11.0,18.0,23.0,41.0,28.0,22.0,50.0,1.3,1.6,1.5,2.0,1.6,1.8,0.27,0.46,0.46,6.0,1.2,7.0,1.4,14.0,14.0,28.0,5.0,3.0,8.0,4.0,3.0,7.0,5.0,8.0,13.0,25.0,15.0,40.0,23.0,31.0,54.0,1.8,1.1,1.4,1.6,2.2,1.9,7.0,8.0,15.0,2.0,2.0,4.0,3.0,0.0,3.0,5.0,3.0,8.0,0.69,0.31,0.7,0.3,0.5,0.5,0.55,0.45,0.5,0.5,0.43,0.57,1.9,3.75,3.75,1.25,1.72,3.0,4.0,2.1,1.4,1.25,1.25,1.8,12.659999999999998,66.0,104.0,376.0,96.0,42.0,21.46,8665.0,3.0,196.0,144.0,100.0,114.0,310.0,11167.0,63.0,0.45214285714285707,2.357142857142857,3.7142857142857144,13.428571428571429,3.4285714285714284,1.5,0.7664285714285715,309.4642857142857,0.10714285714285714,7.0,5.142857142857143,3.5714285714285716,4.071428571428571,11.071428571428571,398.82142857142856,2.25,0.005023809523809523,0.02619047619047619,0.04126984126984127,0.1492063492063492,0.0380952380952381,0.016666666666666666,0.008515873015873017,3.4384920634920637,0.0011904761904761906,0.07777777777777778,0.05714285714285714,0.03968253968253968,0.04523809523809524,0.12301587301587301,4.431349206349206,0.025,10.400000000000002,54.0,100.0,310.0,84.0,73.0,19.189999999999998,6080.0,2.0,181.0,133.0,115.0,121.0,302.0,8729.0,54.0,0.45214285714285707,2.357142857142857,3.7142857142857144,13.428571428571429,3.4285714285714284,1.5,0.7664285714285715,309.4642857142857,0.10714285714285714,7.0,5.142857142857143,3.5714285714285716,4.071428571428571,11.071428571428571,398.82142857142856,2.25,0.005023809523809523,0.02619047619047619,0.04126984126984127,0.1492063492063492,0.0380952380952381,0.016666666666666666,0.008515873015873017,3.4384920634920637,0.0011904761904761906,0.07777777777777778,0.05714285714285714,0.03968253968253968,0.04523809523809524,0.12301587301587301,4.431349206349206,0.025,Double chance : home or draws,29,2,0.3444621769657425,0.3105109532123947,0.34502686982186287
Bundesliga 1,209170,2020-05-30T13:30:00+00:00,FSV Mainz 05,1899 Hoffenheim,N 2,,Double chance :  draws or 1899 Hoffenheim,-1.5,-2.5,0.1,0.45,0.45,0.4,0.46,0.31,6.0,1.2,9.0,1.8,14.0,14.0,28.0,4.0,4.0,8.0,2.0,2.0,4.0,8.0,8.0,16.0,15.0,22.0,37.0,26.0,35.0,61.0,1.1,1.6,1.3,1.9,2.5,2.2,0.33,0.38,0.08,5.0,1.0,12.0,2.4,15.0,13.0,28.0,6.0,5.0,11.0,1.0,5.0,6.0,8.0,3.0,11.0,22.0,17.0,39.0,35.0,13.0,48.0,1.5,1.3,1.4,2.3,1.0,1.7,9.0,10.0,19.0,4.0,3.0,7.0,4.0,2.0,6.0,3.0,3.0,6.0,0.55,0.45,0.55,0.45,0.57,0.57,0.29,0.71,0.5,0.5,0.56,0.44,2.75,3.75,2.37,1.16,1.53,2.3,5.0,2.5,1.61,1.53,1.25,1.4,12.120000000000001,101.0,138.0,386.0,104.0,55.0,20.910000000000004,7674.0,3.0,206.0,149.0,116.0,160.0,366.0,10195.0,60.0,0.4328571428571429,3.607142857142857,4.928571428571429,13.785714285714286,3.7142857142857144,1.9642857142857142,0.7467857142857144,274.07142857142856,0.10714285714285714,7.357142857142857,5.321428571428571,4.142857142857143,5.714285714285714,13.071428571428571,364.10714285714283,2.142857142857143,0.0048095238095238095,0.04007936507936508,0.05476190476190476,0.15317460317460319,0.04126984126984127,0.021825396825396824,0.008297619047619048,3.045238095238095,0.0011904761904761906,0.08174603174603175,0.059126984126984125,0.046031746031746035,0.06349206349206349,0.14523809523809525,4.045634920634921,0.023809523809523808,14.719999999999999,88.0,142.0,309.0,97.0,54.0,22.59,11275.0,1.0,244.0,145.0,127.0,116.0,360.0,13755.0,55.0,0.4328571428571429,3.607142857142857,4.928571428571429,13.785714285714286,3.7142857142857144,1.9642857142857142,0.7467857142857144,274.07142857142856,0.10714285714285714,7.357142857142857,5.321428571428571,4.142857142857143,5.714285714285714,13.071428571428571,364.10714285714283,2.142857142857143,0.0048095238095238095,0.04007936507936508,0.05476190476190476,0.15317460317460319,0.04126984126984127,0.021825396825396824,0.008297619047619048,3.045238095238095,0.0011904761904761906,0.08174603174603175,0.059126984126984125,0.046031746031746035,0.06349206349206349,0.14523809523809525,4.045634920634921,0.023809523809523808,Double chance :  draws or away,29,2,0.3144455008919792,0.29980622931374284,0.38574826979427795
Bundesliga 1,209172,2020-05-30T13:30:00+00:00,FC Schalke 04,Werder Bremen,N 2,,Double chance :  draws or Werder Bremen,-1.5,-2.5,0.1,0.45,0.45,0.07,0.15,0.0,2.0,0.4,13.0,2.6,14.0,14.0,28.0,5.0,4.0,9.0,6.0,4.0,10.0,3.0,6.0,9.0,18.0,16.0,34.0,21.0,24.0,45.0,1.3,1.1,1.2,1.5,1.7,1.6,0.33,0.31,0.38,4.0,0.8,8.0,1.6,13.0,14.0,27.0,1.0,4.0,5.0,3.0,4.0,7.0,9.0,6.0,15.0,9.0,20.0,29.0,30.0,29.0,59.0,0.7,1.4,1.1,2.3,2.1,2.2,10.0,10.0,20.0,5.0,6.0,11.0,2.0,4.0,6.0,1.0,2.0,3.0,0.17,0.83,0.33,0.67,0.38,0.38,0.53,0.47,0.2,0.8,0.31,0.69,2.5,3.4,2.8,1.3,1.9,3.4,3.5,1.9,1.33,1.4,1.3,1.5,14.140000000000002,80.0,133.0,321.0,100.0,68.0,21.66,9502.0,1.0,191.0,133.0,109.0,131.0,322.0,12144.0,46.0,0.5050000000000001,2.857142857142857,4.75,11.464285714285714,3.5714285714285716,2.4285714285714284,0.7735714285714286,339.35714285714283,0.03571428571428571,6.821428571428571,4.75,3.892857142857143,4.678571428571429,11.5,433.7142857142857,1.6428571428571428,0.005611111111111112,0.031746031746031744,0.05277777777777778,0.12738095238095237,0.03968253968253968,0.026984126984126985,0.008595238095238095,3.7706349206349206,0.0003968253968253968,0.07579365079365079,0.05277777777777778,0.04325396825396825,0.05198412698412699,0.12777777777777777,4.819047619047619,0.018253968253968255,12.89,89.0,125.0,350.0,90.0,37.0,20.96,9443.0,4.0,203.0,142.0,110.0,138.0,341.0,11994.0,63.0,0.5237037037037038,2.962962962962963,4.925925925925926,11.88888888888889,3.7037037037037037,2.5185185185185186,0.8022222222222223,351.9259259259259,0.037037037037037035,7.074074074074074,4.925925925925926,4.037037037037037,4.851851851851852,11.925925925925926,449.77777777777777,1.7037037037037037,0.005818930041152265,0.03292181069958848,0.05473251028806585,0.13209876543209875,0.0411522633744856,0.027983539094650206,0.00891358024691358,3.910288065843621,0.00041152263374485596,0.07860082304526748,0.05473251028806585,0.0448559670781893,0.053909465020576135,0.1325102880658436,4.997530864197531,0.018930041152263374,Double chance :  draws or away,29,1,0.31253772544006253,0.3710984900474694,0.3163637845124681
Bundesliga 1,209166,2020-05-30T16:30:00+00:00,Bayern Munich,Fortuna Dusseldorf,1,,Winner : Bayern Munich,-4.5,-2.5,0.5,0.5,0.0,1.0,1.0,0.85,16.0,3.2,2.0,0.4,14.0,14.0,28.0,10.0,10.0,20.0,2.0,2.0,4.0,2.0,2.0,4.0,43.0,38.0,81.0,13.0,15.0,28.0,3.1,2.7,2.9,0.9,1.1,1.0,0.47,0.62,0.46,8.0,1.6,7.0,1.4,14.0,14.0,28.0,4.0,2.0,6.0,4.0,5.0,9.0,6.0,7.0,13.0,15.0,16.0,31.0,24.0,29.0,53.0,1.1,1.1,1.1,1.7,2.1,1.9,2.0,3.0,5.0,1.0,3.0,4.0,0.0,0.0,0.0,1.0,0.0,1.0,0.68,0.32,0.67,0.33,0.78,0.78,0.84,0.16,0.93,0.07,0.76,0.24,1.08,13.0,19.0,1.06,1.22,1.57,10.0,4.33,2.37,1.02,1.04,8.0,18.729999999999997,105.0,202.0,260.0,69.0,61.0,24.339999999999996,16357.0,2.0,352.0,201.0,210.0,164.0,516.0,18795.0,48.0,0.6689285714285713,3.75,7.214285714285714,9.285714285714286,2.4642857142857144,2.1785714285714284,0.8692857142857141,584.1785714285714,0.07142857142857142,12.571428571428571,7.178571428571429,7.5,5.857142857142857,18.428571428571427,671.25,1.7142857142857142,0.007432539682539681,0.041666666666666664,0.08015873015873017,0.10317460317460317,0.02738095238095238,0.024206349206349207,0.009658730158730157,6.4908730158730155,0.0007936507936507937,0.13968253968253969,0.07976190476190476,0.08333333333333333,0.06507936507936508,0.20476190476190476,7.458333333333333,0.01904761904761905,12.67,90.0,116.0,351.0,100.0,49.0,21.310000000000002,8435.0,0.0,179.0,149.0,104.0,164.0,343.0,10953.0,69.0,0.6689285714285713,3.75,7.214285714285714,9.285714285714286,2.4642857142857144,2.1785714285714284,0.8692857142857141,584.1785714285714,0.07142857142857142,12.571428571428571,7.178571428571429,7.5,5.857142857142857,18.428571428571427,671.25,1.7142857142857142,0.007432539682539681,0.041666666666666664,0.08015873015873017,0.10317460317460317,0.02738095238095238,0.024206349206349207,0.009658730158730157,6.4908730158730155,0.0007936507936507937,0.13968253968253969,0.07976190476190476,0.08333333333333333,0.06507936507936508,0.20476190476190476,7.458333333333333,0.01904761904761905,Winner : home,29,0,0.42573773150193733,0.28609245952036516,0.2881698089776974
Bundesliga 1,209167,2020-05-31T13:30:00+00:00,Borussia Monchengladbach,Union Berlin,1,,Winner : Borussia Monchengladbach,-3.5,-1.5,0.45,0.45,0.1,0.47,0.54,0.46,7.0,1.4,7.0,1.4,14.0,14.0,28.0,9.0,7.0,16.0,2.0,3.0,5.0,3.0,4.0,7.0,31.0,22.0,53.0,19.0,15.0,34.0,2.2,1.6,1.9,1.4,1.1,1.2,0.13,0.31,0.08,4.0,0.8,12.0,2.4,14.0,14.0,28.0,6.0,3.0,9.0,2.0,2.0,4.0,6.0,9.0,15.0,19.0,14.0,33.0,19.0,29.0,48.0,1.4,1.0,1.2,1.4,2.1,1.7,0.0,1.0,1.0,0.0,0.0,0.0,1.0,0.0,1.0,0.0,0.0,0.0,0.78,0.22,0.64,0.36,0.63,0.63,0.75,0.25,0.0,1.0,0.0,1.0,1.5,4.5,6.0,1.22,1.66,2.62,4.33,2.2,1.5,1.12,1.18,2.5,14.500000000000002,92.0,144.0,351.0,106.0,77.0,22.520000000000003,10600.0,2.0,267.0,127.0,163.0,115.0,382.0,13107.0,65.0,0.5178571428571429,3.2857142857142856,5.142857142857143,12.535714285714286,3.7857142857142856,2.75,0.8042857142857144,378.57142857142856,0.07142857142857142,9.535714285714286,4.535714285714286,5.821428571428571,4.107142857142857,13.642857142857142,468.10714285714283,2.3214285714285716,0.005753968253968254,0.03650793650793651,0.05714285714285714,0.1392857142857143,0.04206349206349207,0.030555555555555555,0.008936507936507937,4.2063492063492065,0.0007936507936507937,0.10595238095238095,0.0503968253968254,0.06468253968253969,0.04563492063492063,0.15158730158730158,5.201190476190476,0.025793650793650792,11.690000000000001,91.0,108.0,431.0,94.0,54.0,19.509999999999998,6941.0,5.0,208.0,140.0,108.0,131.0,339.0,9912.0,62.0,0.5178571428571429,3.2857142857142856,5.142857142857143,12.535714285714286,3.7857142857142856,2.75,0.8042857142857144,378.57142857142856,0.07142857142857142,9.535714285714286,4.535714285714286,5.821428571428571,4.107142857142857,13.642857142857142,468.10714285714283,2.3214285714285716,0.005753968253968254,0.03650793650793651,0.05714285714285714,0.1392857142857143,0.04206349206349207,0.030555555555555555,0.008936507936507937,4.2063492063492065,0.0007936507936507937,0.10595238095238095,0.0503968253968254,0.06468253968253969,0.04563492063492063,0.15158730158730158,5.201190476190476,0.025793650793650792,Winner : home,29,2,0.33595898975215116,0.3200539867817491,0.3439870234660998
Bundesliga 1,209174,2020-05-31T16:00:00+00:00,SC Paderborn 07,Borussia Dortmund,2,,Winner : Borussia Dortmund,-1.5,-3.5,0.0,0.5,0.5,0.2,0.15,0.62,2.0,0.4,5.0,1.0,14.0,14.0,28.0,2.0,2.0,4.0,2.0,5.0,7.0,10.0,7.0,17.0,18.0,13.0,31.0,32.0,23.0,55.0,1.3,0.9,1.1,2.3,1.6,2.0,0.8,0.69,0.85,9.0,1.8,2.0,0.4,14.0,14.0,28.0,10.0,7.0,17.0,3.0,3.0,6.0,1.0,4.0,5.0,45.0,29.0,74.0,11.0,23.0,34.0,3.2,2.1,2.6,0.8,1.6,1.2,1.0,3.0,4.0,0.0,0.0,0.0,2.0,0.0,2.0,1.0,1.0,2.0,0.2,0.8,0.18,0.82,0.29,0.29,0.29,0.71,0.2,0.8,0.29,0.71,8.5,5.5,1.33,1.14,1.44,2.1,5.5,2.75,1.72,3.25,1.14,1.08,12.74,95.0,144.0,360.0,87.0,52.0,21.47,8546.0,2.0,188.0,145.0,108.0,160.0,348.0,11016.0,66.0,0.455,3.392857142857143,5.142857142857143,12.857142857142858,3.107142857142857,1.8571428571428572,0.7667857142857143,305.2142857142857,0.07142857142857142,6.714285714285714,5.178571428571429,3.857142857142857,5.714285714285714,12.428571428571429,393.42857142857144,2.357142857142857,0.005055555555555555,0.037698412698412696,0.05714285714285714,0.14285714285714285,0.034523809523809526,0.020634920634920634,0.00851984126984127,3.391269841269841,0.0007936507936507937,0.0746031746031746,0.057539682539682536,0.04285714285714286,0.06349206349206349,0.1380952380952381,4.371428571428571,0.02619047619047619,16.97,85.0,165.0,249.0,50.0,46.0,23.990000000000002,15910.0,1.0,255.0,130.0,161.0,121.0,376.0,18396.0,33.0,0.455,3.392857142857143,5.142857142857143,12.857142857142858,3.107142857142857,1.8571428571428572,0.7667857142857143,305.2142857142857,0.07142857142857142,6.714285714285714,5.178571428571429,3.857142857142857,5.714285714285714,12.428571428571429,393.42857142857144,2.357142857142857,0.005055555555555555,0.037698412698412696,0.05714285714285714,0.14285714285714285,0.034523809523809526,0.020634920634920634,0.00851984126984127,3.391269841269841,0.0007936507936507937,0.0746031746031746,0.057539682539682536,0.04285714285714286,0.06349206349206349,0.1380952380952381,4.371428571428571,0.02619047619047619,Winner : away,29,1,0.31476366558353047,0.393573391846324,0.29166294257014547
Bundesliga 1,209173,2020-06-01T18:30:00+00:00,FC Koln,RB Leipzig,N 2,,Double chance :  draws or RB Leipzig,-2.5,-3.5,0.1,0.45,0.45,0.33,0.62,0.23,8.0,1.6,10.0,2.0,14.0,14.0,28.0,6.0,4.0,10.0,3.0,1.0,4.0,5.0,9.0,14.0,24.0,20.0,44.0,20.0,32.0,52.0,1.7,1.4,1.6,1.4,2.3,1.9,0.47,0.69,0.69,9.0,1.8,4.0,0.8,14.0,14.0,28.0,7.0,8.0,15.0,6.0,4.0,10.0,1.0,2.0,3.0,35.0,35.0,70.0,16.0,13.0,29.0,2.5,2.5,2.5,1.1,0.9,1.0,2.0,3.0,5.0,0.0,1.0,1.0,2.0,1.0,3.0,1.0,0.0,1.0,0.42,0.58,0.47,0.53,0.29,0.29,0.29,0.71,0.29,0.71,0.35,0.65,5.5,4.6,1.53,1.12,1.44,2.1,6.0,2.75,1.72,2.37,1.18,1.14,13.11,88.0,152.0,391.0,72.0,63.0,21.32,8504.0,4.0,246.0,149.0,133.0,124.0,370.0,11071.0,66.0,0.4682142857142857,3.142857142857143,5.428571428571429,13.964285714285714,2.5714285714285716,2.25,0.7614285714285715,303.7142857142857,0.14285714285714285,8.785714285714286,5.321428571428571,4.75,4.428571428571429,13.214285714285714,395.39285714285717,2.357142857142857,0.005202380952380952,0.03492063492063492,0.06031746031746032,0.15515873015873016,0.02857142857142857,0.025,0.00846031746031746,3.3746031746031746,0.0015873015873015873,0.09761904761904762,0.059126984126984125,0.05277777777777778,0.049206349206349205,0.14682539682539683,4.393253968253968,0.02619047619047619,15.5,101.0,156.0,307.0,67.0,67.0,22.86,12510.0,2.0,303.0,177.0,184.0,159.0,462.0,15143.0,43.0,0.4682142857142857,3.142857142857143,5.428571428571429,13.964285714285714,2.5714285714285716,2.25,0.7614285714285715,303.7142857142857,0.14285714285714285,8.785714285714286,5.321428571428571,4.75,4.428571428571429,13.214285714285714,395.39285714285717,2.357142857142857,0.005202380952380952,0.03492063492063492,0.06031746031746032,0.15515873015873016,0.02857142857142857,0.025,0.00846031746031746,3.3746031746031746,0.0015873015873015873,0.09761904761904762,0.059126984126984125,0.05277777777777778,0.049206349206349205,0.14682539682539683,4.393253968253968,0.02619047619047619,Double chance :  draws or away,29,0,0.3563570986324842,0.3443437416019206,0.29929915976559524
