,fixture_id,match_winner,under_over,advice,goals_home,goals_away,home_pred,draw_pred,away_pred,home_last5_forme,home_last5_att,home_last5_def,home_last5_goals,home_last5_goals_avg,home_last5_goals_against,home_last5_goals_against_avg,home_matches_played_home,home_matches_played_away,home_matches_played_total,home_matches_won_home,home_matches_won_away,home_matches_won_total,home_matches_draw_home,home_matches_draw_away,home_matches_draw_total,home_matches_lost_home,home_matches_lost_away,home_matches_lost_total,home_goals_fav_home,home_goals_fav_away,home_goals_fav_total,home_goals_ag_home,home_goals_ag_away,home_goals_ag_total,home_goalsavg_fav_home,home_goalsavg_fav_away,home_goalsavg_fav_total,home_goalsavg_ag_home,home_goalsavg_ag_away,home_goalsavg_ag_total,away_last5_forme,away_last5_att,away_last5_def,away_last5_goals,away_last5_goals_avg,away_last5_goals_against,away_last5_goals_against_avg,away_matches_played_home,away_matches_played_away,away_matches_played_total,away_matches_won_home,away_matches_won_away,away_matches_won_total,away_matches_draw_home,away_matches_draw_away,away_matches_draw_total,away_matches_lost_home,away_matches_lost_away,away_matches_lost_total,away_goals_fav_home,away_goals_fav_away,away_goals_fav_total,away_goals_ag_home,away_goals_ag_away,away_goals_ag_total,away_goalsavg_fav_home,away_goalsavg_fav_away,away_goalsavg_fav_total,away_goalsavg_ag_home,away_goalsavg_ag_away,away_goalsavg_ag_total,last_h2h_home_home_total,last_h2h_away_home_total,last_h2h_total,last_h2h_home_won_home,last_h2h_home_won_away,last_h2h_home_won_total,last_h2h_away_won_home,last_h2h_away_won_away,last_h2h_away_won_total,last_h2h_draw_home_home,last_h2h_draw_away_home,last_h2h_draw_away_total,comparison_forme_home,comparison_forme_away,comparison_att_home,comparison_att_away,comparison_def_home,comparison_def_away,comparison_fishlaw_home,comparison_fishlaw_away,comparison_h2h_home,comparison_h2h_away,comparison_goalsh2h_home,comparison_goalsh2h_away
0,212126,N 2,,Double chance :  draws or Belenenses,,,0.1,0.45,0.45,0.0,0.0,0.0,0.0,0.0,0.0,0.0,0.0,0.0,0.0,0.0,0.0,0.0,0.0,0.0,0.0,0.0,0.0,0.0,0.0,0.0,0.0,0.0,0.0,0.0,0.0,0.0,0.0,0.0,0.0,0.0,0.0,0.0,0.0,0.0,0.0,0.0,0.0,0.0,0.0,0.0,0.0,0.0,0.0,0.0,0.0,0.0,0.0,0.0,0.0,0.0,0.0,0.0,0.0,0.0,0.0,0.0,0.0,0.0,0.0,0.0,0.0,3.0,3.0,6.0,0.0,0.0,0.0,2.0,0.0,2.0,3.0,1.0,4.0,0.0,0.0,0.0,0.0,0.0,0.0,0.0,0.0,0.33,0.67,0.45,0.55
0,212123,1 N,,Double chance : Santa Clara or draws,,,0.45,0.45,0.1,0.0,0.0,0.0,0.0,0.0,0.0,0.0,0.0,0.0,0.0,0.0,0.0,0.0,0.0,0.0,0.0,0.0,0.0,0.0,0.0,0.0,0.0,0.0,0.0,0.0,0.0,0.0,0.0,0.0,0.0,0.0,0.0,0.0,0.0,0.0,0.0,0.0,0.0,0.0,0.0,0.0,0.0,0.0,0.0,0.0,0.0,0.0,0.0,0.0,0.0,0.0,0.0,0.0,0.0,0.0,0.0,0.0,0.0,0.0,0.0,0.0,0.0,3.0,3.0,6.0,2.0,2.0,4.0,1.0,1.0,2.0,0.0,0.0,0.0,0.0,0.0,0.0,0.0,0.0,0.0,0.0,0.0,0.75,0.25,0.54,0.46
0,212119,N 2,,Double chance :  draws or FC Porto,,,0.0,0.5,0.5,0.0,0.0,0.0,0.0,0.0,0.0,0.0,0.0,0.0,0.0,0.0,0.0,0.0,0.0,0.0,0.0,0.0,0.0,0.0,0.0,0.0,0.0,0.0,0.0,0.0,0.0,0.0,0.0,0.0,0.0,0.0,0.0,0.0,0.0,0.0,0.0,0.0,0.0,0.0,0.0,0.0,0.0,0.0,0.0,0.0,0.0,0.0,0.0,0.0,0.0,0.0,0.0,0.0,0.0,0.0,0.0,0.0,0.0,0.0,0.0,0.0,0.0,5.0,5.0,10.0,2.0,0.0,2.0,5.0,2.0,7.0,1.0,0.0,1.0,0.0,0.0,0.0,0.0,0.0,0.0,0.0,0.0,0.0,1.0,0.11,0.89
0,212124,1 N,,Double chance : Benfica or draws,,,0.5,0.5,0.0,0.0,0.0,0.0,0.0,0.0,0.0,0.0,0.0,0.0,0.0,0.0,0.0,0.0,0.0,0.0,0.0,0.0,0.0,0.0,0.0,0.0,0.0,0.0,0.0,0.0,0.0,0.0,0.0,0.0,0.0,0.0,0.0,0.0,0.0,0.0,0.0,0.0,0.0,0.0,0.0,0.0,0.0,0.0,0.0,0.0,0.0,0.0,0.0,0.0,0.0,0.0,0.0,0.0,0.0,0.0,0.0,0.0,0.0,0.0,0.0,0.0,0.0,9.0,9.0,18.0,9.0,7.0,16.0,1.0,0.0,1.0,0.0,1.0,1.0,0.0,0.0,0.0,0.0,0.0,0.0,0.0,0.0,0.93,0.07,0.85,0.15
0,212125,N 2,,Double chance :  draws or Aves,,,0.1,0.45,0.45,0.0,0.0,0.0,0.0,0.0,0.0,0.0,0.0,0.0,0.0,0.0,0.0,0.0,0.0,0.0,0.0,0.0,0.0,0.0,0.0,0.0,0.0,0.0,0.0,0.0,0.0,0.0,0.0,0.0,0.0,0.0,0.0,0.0,0.0,0.0,0.0,0.0,0.0,0.0,0.0,0.0,0.0,0.0,0.0,0.0,0.0,0.0,0.0,0.0,0.0,0.0,0.0,0.0,0.0,0.0,0.0,0.0,0.0,0.0,0.0,0.0,0.0,3.0,3.0,6.0,3.0,1.0,4.0,2.0,0.0,2.0,0.0,0.0,0.0,0.0,0.0,0.0,0.0,0.0,0.0,0.0,0.0,0.5,0.5,0.29,0.71
0,212121,N 2,,Double chance :  draws or Sporting CP,,,0.0,0.5,0.5,0.0,0.0,0.0,0.0,0.0,0.0,0.0,0.0,0.0,0.0,0.0,0.0,0.0,0.0,0.0,0.0,0.0,0.0,0.0,0.0,0.0,0.0,0.0,0.0,0.0,0.0,0.0,0.0,0.0,0.0,0.0,0.0,0.0,0.0,0.0,0.0,0.0,0.0,0.0,0.0,0.0,0.0,0.0,0.0,0.0,0.0,0.0,0.0,0.0,0.0,0.0,0.0,0.0,0.0,0.0,0.0,0.0,0.0,0.0,0.0,0.0,0.0,10.0,10.0,20.0,2.0,2.0,4.0,8.0,4.0,12.0,4.0,0.0,4.0,0.0,0.0,0.0,0.0,0.0,0.0,0.0,0.0,0.38,0.62,0.29,0.71
0,212120,1 N,,Double chance : SC Braga or draws,,,0.5,0.5,0.0,0.0,0.0,0.0,0.0,0.0,0.0,0.0,0.0,0.0,0.0,0.0,0.0,0.0,0.0,0.0,0.0,0.0,0.0,0.0,0.0,0.0,0.0,0.0,0.0,0.0,0.0,0.0,0.0,0.0,0.0,0.0,0.0,0.0,0.0,0.0,0.0,0.0,0.0,0.0,0.0,0.0,0.0,0.0,0.0,0.0,0.0,0.0,0.0,0.0,0.0,0.0,0.0,0.0,0.0,0.0,0.0,0.0,0.0,0.0,0.0,0.0,0.0,7.0,7.0,14.0,6.0,3.0,9.0,2.0,0.0,2.0,1.0,2.0,3.0,0.0,0.0,0.0,0.0,0.0,0.0,0.0,0.0,0.6,0.4,0.7,0.3
0,212122,1 N,,Double chance : Vitoria Setubal or draws,,,0.45,0.45,0.1,0.0,0.0,0.0,0.0,0.0,0.0,0.0,0.0,0.0,0.0,0.0,0.0,0.0,0.0,0.0,0.0,0.0,0.0,0.0,0.0,0.0,0.0,0.0,0.0,0.0,0.0,0.0,0.0,0.0,0.0,0.0,0.0,0.0,0.0,0.0,0.0,0.0,0.0,0.0,0.0,0.0,0.0,0.0,0.0,0.0,0.0,0.0,0.0,0.0,0.0,0.0,0.0,0.0,0.0,0.0,0.0,0.0,0.0,0.0,0.0,0.0,0.0,5.0,5.0,10.0,2.0,3.0,5.0,1.0,1.0,2.0,2.0,1.0,3.0,0.0,0.0,0.0,0.0,0.0,0.0,0.0,0.0,0.62,0.38,0.56,0.44
0,212127,1,+2.5,Combo Winner : Rio Ave and +2.5 goals,-7.5,-1.5,0.45,0.45,0.1,0.67,0.67,0.67,8.0,2.6666666666667,4.0,1.3333333333333,1.0,2.0,3.0,1.0,1.0,2.0,0.0,0.0,0.0,0.0,1.0,1.0,5.0,3.0,8.0,1.0,3.0,4.0,5.0,1.5,2.7,1.0,1.5,1.3,0.22,0.17,0.58,2.0,0.66666666666667,5.0,1.6666666666667,2.0,1.0,3.0,0.0,0.0,0.0,2.0,0.0,2.0,0.0,1.0,1.0,2.0,0.0,2.0,2.0,3.0,5.0,1.0,0.0,0.7,1.0,3.0,1.7,10.0,10.0,20.0,2.0,2.0,4.0,6.0,6.0,12.0,2.0,2.0,4.0,0.75,0.25,0.8,0.2,0.56,0.56,1.0,0.0,0.2,0.8,0.27,0.73
0,212128,1,-3.5,Combo Winner : Famalicao and -3.5 goals,,,0.5,0.5,0.0,1.0,0.14,1.0,2.0,2.0,0.0,0.0,0.0,1.0,1.0,0.0,1.0,1.0,0.0,0.0,0.0,0.0,0.0,0.0,0.0,2.0,2.0,0.0,0.0,0.0,0.0,2.0,2.0,0.0,0.0,0.0,0.0,0.0,0.0,0.0,0.0,0.0,0.0,0.0,0.0,0.0,0.0,0.0,0.0,0.0,0.0,0.0,0.0,0.0,0.0,0.0,0.0,0.0,0.0,0.0,0.0,0.0,0.0,0.0,0.0,0.0,0.0,1.0,1.0,2.0,1.0,0.0,1.0,0.0,0.0,0.0,0.0,1.0,1.0,1.0,0.0,1.0,0.0,0.0,0.0,0.0,0.0,0.0,0.0,0.0,0.0
0,212133,N 2,,Double chance :  draws or GIL Vicente,-1.5,-2.5,0.1,0.45,0.45,0.0,0.1,0.7,1.0,1.0,3.0,3.0,0.0,1.0,1.0,0.0,0.0,0.0,0.0,0.0,0.0,0.0,1.0,1.0,0.0,1.0,1.0,0.0,3.0,3.0,0.0,1.0,1.0,0.0,3.0,3.0,1.0,0.2,0.9,2.0,2.0,1.0,1.0,1.0,0.0,1.0,1.0,0.0,1.0,0.0,0.0,0.0,0.0,0.0,0.0,2.0,0.0,2.0,1.0,0.0,1.0,2.0,0.0,2.0,1.0,0.0,1.0,3.0,3.0,6.0,2.0,2.0,4.0,1.0,0.0,1.0,1.0,0.0,1.0,0.0,1.0,0.33,0.67,0.25,0.25,0.0,0.0,0.64,0.36,0.6,0.4
0,212131,2,+2.5,Combo Winner : Benfica and +2.5 goals,,,0.0,0.5,0.5,0.33,0.0,1.0,0.0,0.0,0.0,0.0,0.0,1.0,1.0,0.0,0.0,0.0,0.0,1.0,1.0,0.0,0.0,0.0,0.0,0.0,0.0,0.0,0.0,0.0,0.0,0.0,0.0,0.0,0.0,0.0,1.0,0.5,1.0,5.0,5.0,0.0,0.0,1.0,0.0,1.0,1.0,0.0,1.0,0.0,0.0,0.0,0.0,0.0,0.0,5.0,0.0,5.0,0.0,0.0,0.0,5.0,0.0,5.0,0.0,0.0,0.0,7.0,7.0,14.0,1.0,0.0,1.0,5.0,5.0,10.0,1.0,2.0,3.0,0.25,0.75,0.0,1.0,0.0,0.0,0.0,0.0,0.38,0.62,0.29,0.71
0,212132,1 N,-3.5,Combo Double chance : FC Porto or draws  and -3.5 goals,,,0.45,0.45,0.1,0.0,0.1,0.8,1.0,1.0,2.0,2.0,0.0,1.0,1.0,0.0,0.0,0.0,0.0,0.0,0.0,0.0,1.0,1.0,0.0,1.0,1.0,0.0,2.0,2.0,0.0,1.0,1.0,0.0,2.0,2.0,0.33,0.0,1.0,0.0,0.0,0.0,0.0,1.0,0.0,1.0,0.0,0.0,0.0,1.0,0.0,1.0,0.0,0.0,0.0,0.0,0.0,0.0,0.0,0.0,0.0,0.0,0.0,0.0,0.0,0.0,0.0,11.0,10.0,21.0,10.0,9.0,19.0,0.0,0.0,0.0,1.0,1.0,2.0,0.0,1.0,1.0,0.0,0.0,0.0,0.0,0.0,0.93,0.07,0.88,0.12
0,212129,N 2,+3.5,Combo Double chance :  draws or Santa Clara and +3.5 goals,,,0.0,0.5,0.5,0.0,0.0,0.5,0.0,0.0,5.0,5.0,0.0,1.0,1.0,0.0,0.0,0.0,0.0,0.0,0.0,0.0,1.0,1.0,0.0,0.0,0.0,0.0,5.0,5.0,0.0,0.0,0.0,0.0,5.0,5.0,0.0,0.0,0.8,0.0,0.0,2.0,2.0,1.0,0.0,1.0,0.0,0.0,0.0,0.0,0.0,0.0,1.0,0.0,1.0,0.0,0.0,0.0,2.0,0.0,2.0,0.0,0.0,0.0,2.0,0.0,2.0,1.0,1.0,2.0,0.0,0.0,0.0,1.0,1.0,2.0,0.0,0.0,0.0,0.0,0.0,0.0,0.0,0.29,0.29,0.0,0.0,0.0,0.0,0.0,0.0
0,212130,N 2,,Double chance :  draws or Maritimo,-1.5,-1.5,0.1,0.45,0.45,0.0,0.1,0.8,1.0,1.0,2.0,2.0,0.0,1.0,1.0,0.0,0.0,0.0,0.0,0.0,0.0,0.0,1.0,1.0,0.0,1.0,1.0,0.0,2.0,2.0,0.0,1.0,1.0,0.0,2.0,2.0,0.33,0.1,0.9,1.0,1.0,1.0,1.0,1.0,0.0,1.0,0.0,0.0,0.0,1.0,0.0,1.0,0.0,0.0,0.0,1.0,0.0,1.0,1.0,0.0,1.0,1.0,0.0,1.0,1.0,0.0,1.0,3.0,3.0,6.0,1.0,2.0,3.0,1.0,1.0,2.0,1.0,0.0,1.0,0.0,1.0,0.5,0.5,0.33,0.33,0.0,0.0,0.36,0.64,0.4,0.6
0,212134,1 N,-3.5,Combo Double chance : Guimaraes or draws  and -3.5 goals,,,0.45,0.45,0.1,0.0,0.0,0.0,0.0,0.0,0.0,0.0,0.0,0.0,0.0,0.0,0.0,0.0,0.0,0.0,0.0,0.0,0.0,0.0,0.0,0.0,0.0,0.0,0.0,0.0,0.0,0.0,0.0,0.0,0.0,0.0,1.0,0.14,0.93,2.0,2.0,1.0,1.0,1.0,0.0,1.0,1.0,0.0,1.0,0.0,0.0,0.0,0.0,0.0,0.0,2.0,0.0,2.0,1.0,0.0,1.0,2.0,0.0,2.0,1.0,0.0,1.0,6.0,8.0,14.0,4.0,4.0,8.0,3.0,0.0,3.0,2.0,1.0,3.0,0.0,1.0,0.0,1.0,1.0,1.0,0.0,0.0,0.71,0.29,0.71,0.29
0,212135,2,,Winner : SC Braga,-1.5,-3.5,0.1,0.45,0.45,0.33,0.08,0.92,1.0,1.0,1.0,1.0,0.0,1.0,1.0,0.0,0.0,0.0,0.0,1.0,1.0,0.0,0.0,0.0,0.0,1.0,1.0,0.0,1.0,1.0,0.0,1.0,1.0,0.0,1.0,1.0,1.0,0.23,0.92,3.0,3.0,1.0,1.0,1.0,0.0,1.0,1.0,0.0,1.0,0.0,0.0,0.0,0.0,0.0,0.0,3.0,0.0,3.0,1.0,0.0,1.0,3.0,0.0,3.0,1.0,0.0,1.0,10.0,11.0,21.0,8.0,6.0,14.0,5.0,1.0,6.0,1.0,0.0,1.0,0.25,0.75,0.25,0.75,0.5,0.5,0.0,0.0,0.5,0.5,0.57,0.43
0,212136,N 2,,Double chance :  draws or Portimonense,,,0.1,0.45,0.45,0.33,0.0,1.0,0.0,0.0,0.0,0.0,0.0,1.0,1.0,0.0,0.0,0.0,0.0,1.0,1.0,0.0,0.0,0.0,0.0,0.0,0.0,0.0,0.0,0.0,0.0,0.0,0.0,0.0,0.0,0.0,0.33,0.0,1.0,0.0,0.0,0.0,0.0,1.0,0.0,1.0,0.0,0.0,0.0,1.0,0.0,1.0,0.0,0.0,0.0,0.0,0.0,0.0,0.0,0.0,0.0,0.0,0.0,0.0,0.0,0.0,0.0,3.0,3.0,6.0,1.0,1.0,2.0,2.0,1.0,3.0,1.0,0.0,1.0,0.5,0.5,0.0,0.0,0.0,0.0,0.0,0.0,0.36,0.64,0.44,0.56
0,212145,1 N,,Double chance : Vitoria Setubal or draws,,,0.35,0.35,0.3,0.17,0.0,0.69,0.0,0.0,4.0,2.0,1.0,1.0,2.0,0.0,0.0,0.0,1.0,0.0,1.0,0.0,1.0,1.0,0.0,0.0,0.0,0.0,4.0,4.0,0.0,0.0,0.0,0.0,4.0,2.0,0.5,0.31,0.77,4.0,2.0,3.0,1.5,1.0,1.0,2.0,1.0,0.0,1.0,0.0,0.0,0.0,0.0,1.0,1.0,3.0,1.0,4.0,0.0,3.0,3.0,3.0,1.0,2.0,0.0,3.0,1.5,8.0,7.0,15.0,5.0,2.0,7.0,2.0,1.0,3.0,2.0,3.0,5.0,0.25,0.75,0.0,1.0,0.43,0.43,0.0,0.0,0.75,0.25,0.67,0.33
0,212143,2,,Winner : Aves,,,0.1,0.45,0.45,0.0,0.0,0.89,0.0,0.0,1.0,1.0,0.0,1.0,1.0,0.0,0.0,0.0,0.0,0.0,0.0,0.0,1.0,1.0,0.0,0.0,0.0,0.0,1.0,1.0,0.0,0.0,0.0,0.0,1.0,1.0,0.5,0.44,0.67,4.0,2.0,3.0,1.5,1.0,1.0,2.0,1.0,0.0,1.0,0.0,0.0,0.0,0.0,1.0,1.0,3.0,1.0,4.0,1.0,2.0,3.0,3.0,1.0,2.0,1.0,2.0,1.5,4.0,3.0,7.0,1.0,1.0,2.0,1.0,1.0,2.0,2.0,1.0,3.0,0.0,1.0,0.0,1.0,0.75,0.75,0.0,0.0,0.25,0.75,0.38,0.62
0,212138,1,+1.5,Combo Winner : Benfica and +1.5 goals,-5.5,-3.5,0.45,0.45,0.1,1.0,0.5,1.0,7.0,3.5,0.0,0.0,1.0,1.0,2.0,1.0,1.0,2.0,0.0,0.0,0.0,0.0,0.0,0.0,5.0,2.0,7.0,0.0,0.0,0.0,5.0,2.0,3.5,0.0,0.0,0.0,0.5,0.36,0.86,5.0,2.5,2.0,1.0,1.0,1.0,2.0,1.0,0.0,1.0,0.0,0.0,0.0,0.0,1.0,1.0,4.0,1.0,5.0,0.0,2.0,2.0,4.0,1.0,2.5,0.0,2.0,1.0,10.0,10.0,20.0,2.0,2.0,4.0,5.0,5.0,10.0,3.0,3.0,6.0,0.67,0.33,0.58,0.42,1.0,1.0,1.0,0.0,0.62,0.38,0.57,0.43
0,212142,1,+1.5,Combo Winner : Boavista and +1.5 goals,,,0.5,0.5,0.0,0.67,0.21,0.86,3.0,1.5,2.0,1.0,1.0,1.0,2.0,1.0,0.0,1.0,0.0,1.0,1.0,0.0,0.0,0.0,2.0,1.0,3.0,1.0,1.0,2.0,2.0,1.0,1.5,1.0,1.0,1.0,0.0,0.0,0.57,0.0,0.0,6.0,3.0,1.0,1.0,2.0,0.0,0.0,0.0,0.0,0.0,0.0,1.0,1.0,2.0,0.0,0.0,0.0,1.0,5.0,6.0,0.0,0.0,0.0,1.0,5.0,3.0,5.0,5.0,10.0,1.0,3.0,4.0,2.0,2.0,4.0,2.0,0.0,2.0,1.0,0.0,1.0,0.0,0.75,0.75,1.0,0.0,0.71,0.29,0.63,0.38
0,212139,1 N,,Double chance : Maritimo or draws,-1.5,-1.5,0.45,0.45,0.1,0.17,0.15,0.69,2.0,1.0,4.0,2.0,1.0,1.0,2.0,0.0,0.0,0.0,1.0,0.0,1.0,0.0,1.0,1.0,1.0,1.0,2.0,1.0,3.0,4.0,1.0,1.0,1.0,1.0,3.0,2.0,0.17,0.08,0.85,1.0,0.5,2.0,1.0,1.0,1.0,2.0,0.0,0.0,0.0,0.0,1.0,1.0,1.0,0.0,1.0,1.0,0.0,1.0,2.0,0.0,2.0,1.0,0.0,0.5,2.0,0.0,1.0,5.0,5.0,10.0,4.0,2.0,6.0,1.0,1.0,2.0,0.0,2.0,2.0,0.5,0.5,0.67,0.33,0.33,0.33,0.0,0.0,0.71,0.29,0.67,0.33
0,212144,1 N,-3.5,Combo Double chance : Santa Clara or draws  and -3.5 goals,,,0.45,0.45,0.1,0.5,0.08,0.85,1.0,0.5,2.0,1.0,1.0,1.0,2.0,0.0,1.0,1.0,0.0,0.0,0.0,1.0,0.0,1.0,0.0,1.0,1.0,2.0,0.0,2.0,0.0,1.0,0.5,2.0,0.0,1.0,0.17,0.0,0.85,0.0,0.0,2.0,1.0,1.0,1.0,2.0,0.0,0.0,0.0,0.0,1.0,1.0,1.0,0.0,1.0,0.0,0.0,0.0,2.0,0.0,2.0,0.0,0.0,0.0,2.0,0.0,1.0,3.0,3.0,6.0,1.0,2.0,3.0,0.0,1.0,1.0,1.0,1.0,2.0,0.75,0.25,1.0,0.0,0.5,0.5,0.0,0.0,0.64,0.36,0.55,0.45
0,212140,N 2,-3.5,Combo Double chance :  draws or Sporting CP and -3.5 goals,-1.5,-2.5,0.1,0.45,0.45,0.67,0.13,0.93,2.0,1.0,1.0,0.5,1.0,1.0,2.0,0.0,1.0,1.0,1.0,0.0,1.0,0.0,0.0,0.0,0.0,2.0,2.0,0.0,1.0,1.0,0.0,2.0,1.0,0.0,1.0,0.5,0.67,0.2,0.87,3.0,1.5,2.0,1.0,1.0,1.0,2.0,1.0,0.0,1.0,0.0,1.0,1.0,0.0,0.0,0.0,2.0,1.0,3.0,1.0,1.0,2.0,2.0,1.0,1.5,1.0,1.0,1.0,5.0,4.0,9.0,1.0,0.0,1.0,4.0,4.0,8.0,0.0,0.0,0.0,0.5,0.5,0.4,0.6,0.67,0.67,0.0,0.0,0.2,0.8,0.39,0.61
0,212137,N 2,,Double chance :  draws or SC Braga,-2.5,-2.5,0.1,0.45,0.45,0.5,0.15,0.69,2.0,1.0,4.0,2.0,1.0,1.0,2.0,1.0,0.0,1.0,0.0,0.0,0.0,0.0,1.0,1.0,2.0,0.0,2.0,1.0,3.0,4.0,2.0,0.0,1.0,1.0,3.0,2.0,0.5,0.31,0.77,4.0,2.0,3.0,1.5,1.0,1.0,2.0,1.0,0.0,1.0,0.0,0.0,0.0,0.0,1.0,1.0,3.0,1.0,4.0,1.0,2.0,3.0,3.0,1.0,2.0,1.0,2.0,1.5,5.0,6.0,11.0,1.0,0.0,1.0,5.0,3.0,8.0,1.0,1.0,2.0,0.5,0.5,0.33,0.67,0.43,0.43,0.72,0.28,0.2,0.8,0.21,0.79
0,212141,N 2,-3.5,Combo Double chance :  draws or Famalicao and -3.5 goals,-1.5,-2.5,0.0,0.5,0.5,0.33,0.08,0.92,1.0,1.0,1.0,1.0,1.0,0.0,1.0,0.0,0.0,0.0,1.0,0.0,1.0,0.0,0.0,0.0,1.0,0.0,1.0,1.0,0.0,1.0,1.0,0.0,1.0,1.0,0.0,1.0,1.0,0.23,1.0,3.0,1.5,0.0,0.0,1.0,1.0,2.0,1.0,1.0,2.0,0.0,0.0,0.0,0.0,0.0,0.0,1.0,2.0,3.0,0.0,0.0,0.0,1.0,2.0,1.5,0.0,0.0,0.0,1.0,1.0,2.0,0.0,1.0,1.0,0.0,0.0,0.0,1.0,0.0,1.0,0.14,0.86,0.25,0.75,0.0,0.0,0.0,1.0,0.0,0.0,0.0,0.0
0,212149,1 N,,Double chance : Moreirense or draws,-2.5,-1.5,0.45,0.45,0.1,0.44,0.31,0.77,4.0,1.3333333333333,3.0,1.0,1.0,2.0,3.0,1.0,0.0,1.0,0.0,1.0,1.0,0.0,1.0,1.0,3.0,1.0,4.0,0.0,3.0,3.0,3.0,0.5,1.3,0.0,1.5,1.0,0.44,0.23,0.69,3.0,1.0,4.0,1.3333333333333,2.0,1.0,3.0,0.0,1.0,1.0,1.0,0.0,1.0,1.0,0.0,1.0,1.0,2.0,3.0,3.0,1.0,4.0,0.5,2.0,1.0,1.5,1.0,1.3,3.0,3.0,6.0,2.0,1.0,3.0,1.0,0.0,1.0,1.0,1.0,2.0,0.5,0.5,0.57,0.43,0.57,0.57,1.0,0.0,0.64,0.36,0.62,0.38
0,212148,2,-3.5,Combo Winner : Boavista and -3.5 goals,,,0.1,0.45,0.45,0.22,0.0,0.86,0.0,0.0,2.0,0.66666666666667,1.0,2.0,3.0,0.0,0.0,0.0,0.0,2.0,2.0,1.0,0.0,1.0,0.0,0.0,0.0,2.0,0.0,2.0,0.0,0.0,0.0,2.0,0.0,0.7,0.56,0.29,0.79,4.0,1.3333333333333,3.0,1.0,2.0,1.0,3.0,1.0,0.0,1.0,1.0,1.0,2.0,0.0,0.0,0.0,3.0,1.0,4.0,2.0,1.0,3.0,1.5,1.0,1.3,1.0,1.0,1.0,6.0,6.0,12.0,2.0,2.0,4.0,4.0,1.0,5.0,3.0,0.0,3.0,0.29,0.71,0.0,1.0,0.6,0.6,0.0,1.0,0.38,0.62,0.33,0.67
0,212147,N 2,,Double chance :  draws or Maritimo,-1.5,-2.5,0.1,0.45,0.45,0.11,0.1,0.3,1.0,0.33333333333333,7.0,2.3333333333333,1.0,2.0,3.0,0.0,0.0,0.0,0.0,1.0,1.0,1.0,1.0,2.0,0.0,1.0,1.0,1.0,6.0,7.0,0.0,0.5,0.3,1.0,3.0,2.3,0.11,0.4,0.3,4.0,1.3333333333333,7.0,2.3333333333333,2.0,1.0,3.0,0.0,0.0,0.0,1.0,0.0,1.0,1.0,1.0,2.0,3.0,1.0,4.0,4.0,3.0,7.0,1.5,1.0,1.3,2.0,3.0,2.3,10.0,9.0,19.0,3.0,2.0,5.0,4.0,1.0,5.0,6.0,3.0,9.0,0.5,0.5,0.2,0.8,0.5,0.5,0.0,1.0,0.25,0.75,0.33,0.67
0,212150,N 2,,Double chance :  draws or Famalicao,-2.5,-2.5,0.1,0.45,0.45,0.33,0.5,0.2,5.0,1.6666666666667,8.0,2.6666666666667,1.0,2.0,3.0,1.0,0.0,1.0,0.0,0.0,0.0,0.0,2.0,2.0,3.0,2.0,5.0,1.0,7.0,8.0,3.0,1.0,1.7,1.0,3.5,2.7,0.78,0.4,0.9,4.0,1.3333333333333,1.0,0.33333333333333,1.0,2.0,3.0,1.0,1.0,2.0,0.0,1.0,1.0,0.0,0.0,0.0,1.0,3.0,4.0,0.0,1.0,1.0,1.0,1.5,1.3,0.0,0.5,0.3,2.0,2.0,4.0,1.0,0.0,1.0,0.0,1.0,1.0,0.0,2.0,2.0,0.3,0.7,0.56,0.44,0.11,0.11,0.4,0.6,0.8,0.2,1.0,0.0
0,212154,1 N,,Double chance : Sporting CP or draws,-2.5,-3.5,0.45,0.45,0.1,0.78,0.6,0.7,6.0,2.0,3.0,1.0,1.0,2.0,3.0,1.0,1.0,2.0,0.0,1.0,1.0,0.0,0.0,0.0,2.0,4.0,6.0,1.0,2.0,3.0,2.0,2.0,2.0,1.0,1.0,1.0,0.5,0.5,0.8,5.0,2.5,2.0,1.0,1.0,1.0,2.0,1.0,0.0,1.0,0.0,0.0,0.0,0.0,1.0,1.0,5.0,0.0,5.0,1.0,1.0,2.0,5.0,0.0,2.5,1.0,1.0,1.0,12.0,10.0,22.0,7.0,6.0,13.0,2.0,3.0,5.0,2.0,2.0,4.0,0.7,0.3,0.55,0.45,0.4,0.4,1.0,0.0,1.0,0.0,0.82,0.18
0,212146,1,,Winner : GIL Vicente,,,0.45,0.45,0.1,0.44,0.23,0.62,3.0,1.0,5.0,1.6666666666667,2.0,1.0,3.0,1.0,0.0,1.0,1.0,0.0,1.0,0.0,1.0,1.0,3.0,0.0,3.0,2.0,3.0,5.0,1.5,0.0,1.0,1.0,3.0,1.7,0.22,0.0,0.69,0.0,0.0,4.0,1.3333333333333,2.0,1.0,3.0,0.0,0.0,0.0,2.0,0.0,2.0,0.0,1.0,1.0,0.0,0.0,0.0,0.0,4.0,4.0,0.0,0.0,0.0,0.0,4.0,1.3,5.0,5.0,10.0,1.0,1.0,2.0,2.0,1.0,3.0,3.0,2.0,5.0,0.67,0.33,1.0,0.0,0.44,0.44,1.0,0.0,0.38,0.62,0.4,0.6
0,212152,N 2,-3.5,Combo Double chance :  draws or Santa Clara and -3.5 goals,-2.5,-2.5,0.1,0.45,0.45,0.44,0.33,0.67,4.0,1.3333333333333,4.0,1.3333333333333,1.0,2.0,3.0,0.0,1.0,1.0,0.0,1.0,1.0,1.0,0.0,1.0,1.0,3.0,4.0,2.0,2.0,4.0,1.0,1.5,1.3,2.0,1.0,1.3,0.44,0.08,0.83,1.0,0.33333333333333,2.0,0.66666666666667,2.0,1.0,3.0,0.0,1.0,1.0,1.0,0.0,1.0,1.0,0.0,1.0,0.0,1.0,1.0,2.0,0.0,2.0,0.0,1.0,0.3,1.0,0.0,0.7,2.0,2.0,4.0,0.0,1.0,1.0,1.0,1.0,2.0,1.0,0.0,1.0,0.5,0.5,0.8,0.2,0.33,0.33,0.0,1.0,0.5,0.5,0.43,0.57
0,212153,1,,Winner : FC Porto,-3.5,-1.5,0.45,0.45,0.1,0.67,0.64,0.82,7.0,2.3333333333333,2.0,0.66666666666667,1.0,2.0,3.0,1.0,1.0,2.0,0.0,0.0,0.0,0.0,1.0,1.0,4.0,3.0,7.0,0.0,2.0,2.0,4.0,1.5,2.3,0.0,1.0,0.7,0.33,0.18,0.82,2.0,1.0,2.0,1.0,2.0,0.0,2.0,0.0,0.0,0.0,2.0,0.0,2.0,0.0,0.0,0.0,2.0,0.0,2.0,2.0,0.0,2.0,1.0,0.0,1.0,1.0,0.0,1.0,11.0,11.0,22.0,10.0,6.0,16.0,1.0,1.0,2.0,0.0,4.0,4.0,0.75,0.25,0.78,0.22,0.5,0.5,0.0,0.0,0.71,0.29,0.69,0.31
0,212151,N 2,,Double chance :  draws or Benfica,-2.5,-3.5,0.1,0.45,0.45,0.44,0.56,0.56,5.0,1.6666666666667,4.0,1.3333333333333,1.0,2.0,3.0,1.0,0.0,1.0,0.0,1.0,1.0,0.0,1.0,1.0,3.0,2.0,5.0,1.0,3.0,4.0,3.0,1.0,1.7,1.0,1.5,1.3,0.67,0.78,0.78,7.0,2.3333333333333,2.0,0.66666666666667,2.0,1.0,3.0,1.0,1.0,2.0,0.0,0.0,0.0,1.0,0.0,1.0,5.0,2.0,7.0,2.0,0.0,2.0,2.5,2.0,2.3,1.0,0.0,0.7,10.0,12.0,22.0,2.0,1.0,3.0,10.0,7.0,17.0,1.0,1.0,2.0,0.4,0.6,0.42,0.58,0.33,0.33,0.0,1.0,0.0,1.0,0.23,0.77
0,212162,2,,Winner : SC Braga,,,0.1,0.45,0.45,0.25,0.0,0.56,0.0,0.0,4.0,1.0,2.0,2.0,4.0,0.0,0.0,0.0,2.0,1.0,3.0,0.0,1.0,1.0,0.0,0.0,0.0,0.0,4.0,4.0,0.0,0.0,0.0,0.0,2.0,1.0,0.33,0.56,0.11,5.0,1.25,8.0,2.0,2.0,2.0,4.0,1.0,0.0,1.0,0.0,1.0,1.0,1.0,1.0,2.0,3.0,2.0,5.0,5.0,3.0,8.0,1.5,1.0,1.3,2.5,1.5,2.0,11.0,10.0,21.0,2.0,0.0,2.0,9.0,5.0,14.0,4.0,1.0,5.0,0.43,0.57,0.0,1.0,0.67,0.67,0.0,0.0,0.2,0.8,0.36,0.64
0,212155,1,,Winner : Famalicao,-3.5,-1.5,0.45,0.45,0.1,0.83,0.7,0.7,7.0,1.75,3.0,0.75,1.0,3.0,4.0,1.0,2.0,3.0,0.0,1.0,1.0,0.0,0.0,0.0,1.0,6.0,7.0,0.0,3.0,3.0,1.0,2.0,1.8,0.0,1.0,0.8,0.08,0.1,0.2,1.0,0.25,8.0,2.0,2.0,2.0,4.0,0.0,0.0,0.0,0.0,1.0,1.0,2.0,1.0,3.0,0.0,1.0,1.0,2.0,6.0,8.0,0.0,0.5,0.3,1.0,3.0,2.0,2.0,3.0,5.0,1.0,2.0,3.0,1.0,1.0,2.0,0.0,0.0,0.0,0.91,0.09,0.88,0.13,0.73,0.73,1.0,0.0,0.5,0.5,0.5,0.5
0,212159,1,,Winner : Benfica,-5.5,-1.5,0.5,0.5,0.0,0.75,0.69,0.88,11.0,2.75,2.0,0.5,2.0,2.0,4.0,1.0,2.0,3.0,0.0,0.0,0.0,1.0,0.0,1.0,5.0,6.0,11.0,2.0,0.0,2.0,2.5,3.0,2.8,1.0,0.0,0.5,0.42,0.19,0.69,3.0,0.75,5.0,1.25,3.0,1.0,4.0,1.0,0.0,1.0,2.0,0.0,2.0,0.0,1.0,1.0,3.0,0.0,3.0,2.0,3.0,5.0,1.0,0.0,0.8,0.7,3.0,1.3,5.0,5.0,10.0,5.0,3.0,8.0,0.0,0.0,0.0,0.0,2.0,2.0,0.64,0.36,0.79,0.21,0.71,0.71,1.0,0.0,0.93,0.07,0.88,0.13
0,212160,1 N,,Double chance : Guimaraes or draws,-2.5,-2.5,0.45,0.45,0.1,0.25,0.2,0.6,3.0,0.75,6.0,1.5,2.0,2.0,4.0,0.0,0.0,0.0,2.0,1.0,3.0,0.0,1.0,1.0,2.0,1.0,3.0,2.0,4.0,6.0,1.0,0.5,0.8,1.0,2.0,1.5,0.25,0.47,0.27,7.0,1.75,11.0,2.75,2.0,2.0,4.0,1.0,0.0,1.0,0.0,0.0,0.0,1.0,2.0,3.0,5.0,2.0,7.0,4.0,7.0,11.0,2.5,1.0,1.8,2.0,3.5,2.8,3.0,3.0,6.0,2.0,2.0,4.0,0.0,1.0,1.0,0.0,1.0,1.0,0.5,0.5,0.3,0.7,0.65,0.65,0.72,0.28,0.64,0.36,0.55,0.45
0,212157,1 N,-3.5,Combo Double chance : Santa Clara or draws  and -3.5 goals,-1.5,-1.5,0.35,0.35,0.3,0.42,0.06,0.88,1.0,0.25,2.0,0.5,2.0,2.0,4.0,0.0,1.0,1.0,1.0,1.0,2.0,1.0,0.0,1.0,0.0,1.0,1.0,2.0,0.0,2.0,0.0,0.5,0.3,1.0,0.0,0.5,0.58,0.29,0.82,5.0,1.25,3.0,0.75,2.0,2.0,4.0,2.0,0.0,2.0,0.0,1.0,1.0,0.0,1.0,1.0,4.0,1.0,5.0,0.0,3.0,3.0,2.0,0.5,1.3,0.0,1.5,0.8,2.0,3.0,5.0,1.0,1.0,2.0,1.0,0.0,1.0,1.0,1.0,2.0,0.42,0.58,0.17,0.83,0.6,0.6,0.0,1.0,0.71,0.29,0.57,0.43
0,212158,1 N,,Double chance : Rio Ave or draws,-3.5,-2.5,0.45,0.45,0.1,0.58,0.53,0.71,9.0,2.25,5.0,1.25,2.0,2.0,4.0,1.0,1.0,2.0,1.0,0.0,1.0,0.0,1.0,1.0,6.0,3.0,9.0,2.0,3.0,5.0,3.0,1.5,2.3,1.0,1.5,1.3,0.42,0.24,0.76,4.0,1.0,4.0,1.0,2.0,2.0,4.0,0.0,1.0,1.0,1.0,1.0,2.0,1.0,0.0,1.0,1.0,3.0,4.0,2.0,2.0,4.0,0.5,1.5,1.0,1.0,1.0,1.0,5.0,5.0,10.0,1.0,2.0,3.0,1.0,2.0,3.0,2.0,2.0,4.0,0.58,0.42,0.69,0.31,0.44,0.44,0.58,0.42,0.5,0.5,0.53,0.47
0,212161,1,-3.5,Combo Winner : Maritimo and -3.5 goals,,,0.45,0.45,0.1,0.33,0.29,0.59,5.0,1.25,7.0,1.75,2.0,2.0,4.0,0.0,1.0,1.0,1.0,0.0,1.0,1.0,1.0,2.0,3.0,2.0,5.0,4.0,3.0,7.0,1.5,1.0,1.3,2.0,1.5,1.8,0.17,0.0,0.82,0.0,0.0,3.0,0.75,2.0,2.0,4.0,0.0,0.0,0.0,0.0,2.0,2.0,2.0,0.0,2.0,0.0,0.0,0.0,3.0,0.0,3.0,0.0,0.0,0.0,1.5,0.0,0.8,7.0,7.0,14.0,2.0,1.0,3.0,5.0,3.0,8.0,2.0,1.0,3.0,0.67,0.33,1.0,0.0,0.3,0.3,0.0,0.0,0.62,0.38,0.8,0.2
0,212163,2,,Winner : FC Porto,-1.5,-3.5,0.0,0.5,0.5,0.33,0.15,0.75,3.0,0.75,5.0,1.25,2.0,2.0,4.0,0.0,1.0,1.0,1.0,0.0,1.0,1.0,1.0,2.0,1.0,2.0,3.0,3.0,2.0,5.0,0.5,1.0,0.8,1.5,1.0,1.3,0.75,0.5,0.9,10.0,2.5,2.0,0.5,2.0,2.0,4.0,2.0,1.0,3.0,0.0,0.0,0.0,0.0,1.0,1.0,7.0,3.0,10.0,0.0,2.0,2.0,3.5,1.5,2.5,0.0,1.0,0.5,4.0,4.0,8.0,0.0,0.0,0.0,4.0,4.0,8.0,0.0,0.0,0.0,0.31,0.69,0.23,0.77,0.29,0.29,0.14,0.86,0.0,1.0,0.23,0.77
0,212156,N 2,,Double chance :  draws or Sporting CP,-2.5,-2.5,0.1,0.45,0.45,0.67,0.22,0.87,5.0,1.25,3.0,0.75,2.0,2.0,4.0,1.0,1.0,2.0,1.0,1.0,2.0,0.0,0.0,0.0,3.0,2.0,5.0,2.0,1.0,3.0,1.5,1.0,1.3,1.0,0.5,0.8,0.58,0.35,0.74,8.0,2.0,6.0,1.5,2.0,2.0,4.0,1.0,1.0,2.0,0.0,1.0,1.0,1.0,0.0,1.0,4.0,4.0,8.0,4.0,2.0,6.0,2.0,2.0,2.0,2.0,1.0,1.5,6.0,6.0,12.0,0.0,0.0,0.0,6.0,4.0,10.0,2.0,0.0,2.0,0.53,0.47,0.38,0.62,0.67,0.67,0.37,0.63,0.0,1.0,0.13,0.87
0,212165,N 2,,Double chance :  draws or Aves,-1.5,-2.5,0.1,0.45,0.45,0.07,0.16,0.37,3.0,0.6,12.0,2.4,2.0,3.0,5.0,0.0,0.0,0.0,0.0,1.0,1.0,2.0,2.0,4.0,0.0,3.0,3.0,2.0,10.0,12.0,0.0,1.0,0.6,1.0,3.3,2.4,0.2,0.42,0.16,8.0,1.6,16.0,3.2,2.0,3.0,5.0,1.0,0.0,1.0,0.0,0.0,0.0,1.0,3.0,4.0,5.0,3.0,8.0,4.0,12.0,16.0,2.5,1.0,1.6,2.0,4.0,3.2,2.0,3.0,5.0,1.0,3.0,4.0,0.0,0.0,0.0,1.0,0.0,1.0,0.25,0.75,0.27,0.73,0.57,0.57,0.0,1.0,0.88,0.13,0.67,0.33
0,212166,2,,Winner : Rio Ave,-1.5,-3.5,0.1,0.45,0.45,0.33,0.17,0.78,3.0,0.6,4.0,0.8,2.0,3.0,5.0,0.0,1.0,1.0,0.0,2.0,2.0,2.0,0.0,2.0,0.0,3.0,3.0,3.0,1.0,4.0,0.0,1.0,0.6,1.5,0.3,0.8,0.47,0.61,0.5,11.0,2.2,9.0,1.8,3.0,2.0,5.0,1.0,1.0,2.0,1.0,0.0,1.0,1.0,1.0,2.0,8.0,3.0,11.0,6.0,3.0,9.0,2.7,1.5,2.2,2.0,1.5,1.8,7.0,7.0,14.0,1.0,1.0,2.0,3.0,5.0,8.0,1.0,3.0,4.0,0.42,0.58,0.21,0.79,0.69,0.69,0.0,1.0,0.07,0.93,0.29,0.71
0,212169,2,,Winner : Benfica,-1.5,-3.5,0.0,0.5,0.5,0.47,0.36,0.64,5.0,1.0,5.0,1.0,2.0,3.0,5.0,2.0,0.0,2.0,0.0,1.0,1.0,0.0,2.0,2.0,4.0,1.0,5.0,0.0,5.0,5.0,2.0,0.3,1.0,0.0,1.7,1.0,0.8,0.93,0.86,13.0,2.6,2.0,0.4,3.0,2.0,5.0,2.0,2.0,4.0,0.0,0.0,0.0,1.0,0.0,1.0,7.0,6.0,13.0,2.0,0.0,2.0,2.3,3.0,2.6,0.7,0.0,0.4,7.0,7.0,14.0,0.0,1.0,1.0,5.0,7.0,12.0,0.0,1.0,1.0,0.37,0.63,0.28,0.72,0.29,0.29,0.0,0.0,0.2,0.8,0.25,0.75
0,212164,N 2,-3.5,Combo Double chance :  draws or Boavista and -3.5 goals,-1.5,-1.5,0.1,0.45,0.45,0.33,0.2,0.53,3.0,0.6,7.0,1.4,3.0,2.0,5.0,1.0,0.0,1.0,2.0,0.0,2.0,0.0,2.0,2.0,3.0,0.0,3.0,2.0,5.0,7.0,1.0,0.0,0.6,0.7,2.5,1.4,0.6,0.4,0.73,6.0,1.2,4.0,0.8,3.0,2.0,5.0,1.0,1.0,2.0,2.0,1.0,3.0,0.0,0.0,0.0,4.0,2.0,6.0,3.0,1.0,4.0,1.3,1.0,1.2,1.0,0.5,0.8,2.0,2.0,4.0,0.0,1.0,1.0,1.0,0.0,1.0,2.0,0.0,2.0,0.36,0.64,0.33,0.67,0.36,0.36,0.38,0.62,0.2,0.8,0.43,0.57
0,212171,N 2,,Double chance :  draws or Guimaraes,-2.5,-2.5,0.1,0.45,0.45,0.53,0.8,0.4,8.0,1.6,6.0,1.2,2.0,3.0,5.0,0.0,2.0,2.0,1.0,1.0,2.0,1.0,0.0,1.0,1.0,7.0,8.0,2.0,4.0,6.0,0.5,2.3,1.6,1.0,1.3,1.2,0.4,0.8,0.3,8.0,1.6,7.0,1.4,3.0,2.0,5.0,1.0,0.0,1.0,2.0,1.0,3.0,0.0,1.0,1.0,7.0,1.0,8.0,3.0,4.0,7.0,2.3,0.5,1.6,1.0,2.0,1.4,5.0,5.0,10.0,2.0,1.0,3.0,4.0,2.0,6.0,1.0,0.0,1.0,0.57,0.43,0.5,0.5,0.54,0.54,0.62,0.38,0.4,0.6,0.36,0.64
0,212172,1 N,-3.5,Combo Double chance : Vitoria Setubal or draws  and -3.5 goals,-1.5,-1.5,0.45,0.45,0.1,0.4,0.1,0.6,1.0,0.2,4.0,0.8,3.0,2.0,5.0,1.0,0.0,1.0,2.0,1.0,3.0,0.0,1.0,1.0,1.0,0.0,1.0,0.0,4.0,4.0,0.3,0.0,0.2,0.0,2.0,0.8,0.27,0.5,0.2,5.0,1.0,8.0,1.6,3.0,2.0,5.0,0.0,1.0,1.0,1.0,0.0,1.0,2.0,1.0,3.0,3.0,2.0,5.0,6.0,2.0,8.0,1.0,1.0,1.0,2.0,1.0,1.6,4.0,4.0,8.0,1.0,1.0,2.0,2.0,0.0,2.0,3.0,1.0,4.0,0.6,0.4,0.17,0.83,0.67,0.67,1.0,0.0,0.38,0.62,0.42,0.58
0,212170,1,,Winner : FC Porto,-3.5,-1.5,0.45,0.45,0.1,0.8,1.0,0.56,13.0,2.6,4.0,0.8,2.0,3.0,5.0,2.0,2.0,4.0,0.0,0.0,0.0,0.0,1.0,1.0,7.0,6.0,13.0,0.0,4.0,4.0,3.5,2.0,2.6,0.0,1.3,0.8,0.53,0.33,0.78,3.0,0.6,2.0,0.4,3.0,2.0,5.0,1.0,1.0,2.0,1.0,1.0,2.0,1.0,0.0,1.0,2.0,1.0,3.0,2.0,0.0,2.0,0.7,0.5,0.6,0.7,0.0,0.4,4.0,2.0,6.0,4.0,2.0,6.0,0.0,0.0,0.0,0.0,0.0,0.0,0.6,0.4,0.81,0.19,0.33,0.33,0.0,0.0,1.0,0.0,0.75,0.25
0,212167,,,No predictions available,,,0.33,0.33,0.33,0.27,0.56,0.0,5.0,1.0,9.0,1.8,2.0,3.0,5.0,1.0,0.0,1.0,0.0,1.0,1.0,1.0,2.0,3.0,3.0,2.0,5.0,5.0,4.0,9.0,1.5,0.7,1.0,2.5,1.3,1.8,0.27,0.67,0.0,6.0,1.2,10.0,2.0,3.0,2.0,5.0,0.0,1.0,1.0,1.0,0.0,1.0,2.0,1.0,3.0,4.0,2.0,6.0,7.0,3.0,10.0,1.3,1.0,1.2,2.3,1.5,2.0,11.0,10.0,21.0,7.0,5.0,12.0,4.0,1.0,5.0,3.0,1.0,4.0,0.5,0.5,0.45,0.55,0.53,0.53,0.43,0.57,0.5,0.5,0.58,0.42
0,212168,1 N,,Double chance : Sporting CP or draws,-2.5,-3.5,0.35,0.35,0.3,0.53,0.9,0.3,9.0,1.8,7.0,1.4,2.0,3.0,5.0,1.0,1.0,2.0,0.0,2.0,2.0,1.0,0.0,1.0,4.0,5.0,9.0,4.0,3.0,7.0,2.0,1.7,1.8,2.0,1.0,1.4,0.87,1.0,0.5,11.0,2.2,5.0,1.0,2.0,3.0,5.0,2.0,2.0,4.0,0.0,1.0,1.0,0.0,0.0,0.0,5.0,6.0,11.0,2.0,3.0,5.0,2.5,2.0,2.2,1.0,1.0,1.0,2.0,2.0,4.0,1.0,1.0,2.0,1.0,1.0,2.0,0.0,0.0,0.0,0.38,0.62,0.45,0.55,0.42,0.42,0.29,0.71,1.0,0.0,1.0,0.0
0,212176,N 2,,Double chance :  draws or Tondela,-2.5,-2.5,0.1,0.45,0.45,0.47,0.31,0.77,4.0,0.8,3.0,0.6,3.0,3.0,6.0,1.0,1.0,2.0,2.0,2.0,4.0,0.0,0.0,0.0,4.0,2.0,6.0,3.0,1.0,4.0,1.3,0.7,1.0,1.0,0.3,0.7,0.47,0.69,0.31,9.0,1.8,9.0,1.8,3.0,3.0,6.0,0.0,2.0,2.0,1.0,1.0,2.0,2.0,0.0,2.0,2.0,7.0,9.0,5.0,4.0,9.0,0.7,2.3,1.5,1.7,1.3,1.5,5.0,5.0,10.0,3.0,1.0,4.0,2.0,0.0,2.0,2.0,2.0,4.0,0.5,0.5,0.31,0.69,0.75,0.75,0.39,0.61,0.5,0.5,0.55,0.45
0,212177,1 N,,Double chance : Maritimo or draws,-2.5,-1.5,0.35,0.35,0.3,0.27,0.54,0.15,7.0,1.4,11.0,2.2,3.0,3.0,6.0,0.0,1.0,1.0,1.0,1.0,2.0,2.0,1.0,3.0,4.0,4.0,8.0,7.0,5.0,12.0,1.3,1.3,1.3,2.3,1.7,2.0,0.47,0.38,0.69,5.0,1.0,4.0,0.8,3.0,3.0,6.0,2.0,0.0,2.0,0.0,1.0,1.0,1.0,2.0,3.0,5.0,1.0,6.0,2.0,5.0,7.0,1.7,0.3,1.0,0.7,1.7,1.2,7.0,7.0,14.0,4.0,2.0,6.0,3.0,1.0,4.0,2.0,2.0,4.0,0.36,0.64,0.58,0.42,0.27,0.27,0.71,0.29,0.62,0.38,0.55,0.45
0,212175,1,,Winner : Benfica,-3.5,-1.5,0.45,0.45,0.1,0.8,0.83,0.75,10.0,2.0,3.0,0.6,3.0,3.0,6.0,2.0,3.0,5.0,0.0,0.0,0.0,1.0,0.0,1.0,7.0,8.0,15.0,2.0,1.0,3.0,2.3,2.7,2.5,0.7,0.3,0.5,0.4,0.08,0.67,1.0,0.2,4.0,0.8,4.0,2.0,6.0,1.0,0.0,1.0,3.0,1.0,4.0,0.0,1.0,1.0,1.0,0.0,1.0,0.0,4.0,4.0,0.3,0.0,0.2,0.0,2.0,0.7,11.0,11.0,22.0,9.0,8.0,17.0,1.0,0.0,1.0,2.0,2.0,4.0,0.67,0.33,0.91,0.09,0.57,0.57,1.0,0.0,1.0,0.0,0.83,0.17
0,212173,1 N,,Double chance : Famalicao or draws,-2.5,-1.5,0.45,0.45,0.1,0.87,1.0,0.45,11.0,2.2,6.0,1.2,2.0,4.0,6.0,2.0,3.0,5.0,0.0,1.0,1.0,0.0,0.0,0.0,5.0,8.0,13.0,2.0,4.0,6.0,2.5,2.0,2.2,1.0,1.0,1.0,0.27,0.27,0.45,3.0,0.6,6.0,1.2,3.0,3.0,6.0,0.0,1.0,1.0,0.0,2.0,2.0,3.0,0.0,3.0,0.0,3.0,3.0,5.0,1.0,6.0,0.0,1.0,0.5,1.7,0.3,1.0,1.0,1.0,2.0,1.0,0.0,1.0,0.0,0.0,0.0,0.0,1.0,1.0,0.76,0.24,0.79,0.21,0.5,0.5,0.41,0.59,0.0,0.0,0.0,0.0
0,212178,1 N,-3.5,Combo Double chance : Santa Clara or draws  and -3.5 goals,-1.5,-1.5,0.5,0.5,0.0,0.53,0.27,0.82,3.0,0.6,2.0,0.4,3.0,3.0,6.0,1.0,1.0,2.0,1.0,1.0,2.0,1.0,1.0,2.0,2.0,1.0,3.0,2.0,2.0,4.0,0.7,0.3,0.5,0.7,0.7,0.7,0.2,0.09,0.45,1.0,0.2,6.0,1.2,4.0,2.0,6.0,1.0,0.0,1.0,3.0,0.0,3.0,0.0,2.0,2.0,3.0,0.0,3.0,2.0,5.0,7.0,0.8,0.0,0.5,0.5,2.5,1.2,3.0,3.0,6.0,3.0,1.0,4.0,1.0,0.0,1.0,0.0,1.0,1.0,0.73,0.27,0.75,0.25,0.75,0.75,1.0,0.0,0.75,0.25,0.6,0.4
0,212179,1,+1.5,Combo Winner : Guimaraes and +1.5 goals,-4.5,-1.5,0.45,0.45,0.1,0.53,0.91,0.36,10.0,2.0,7.0,1.4,3.0,3.0,6.0,1.0,1.0,2.0,2.0,1.0,3.0,0.0,1.0,1.0,7.0,4.0,11.0,3.0,5.0,8.0,2.3,1.3,1.8,1.0,1.7,1.3,0.27,0.45,0.27,5.0,1.0,8.0,1.6,3.0,3.0,6.0,1.0,0.0,1.0,0.0,1.0,1.0,2.0,2.0,4.0,2.0,3.0,5.0,3.0,10.0,13.0,0.7,1.0,0.8,1.0,3.3,2.2,9.0,9.0,18.0,4.0,4.0,8.0,3.0,2.0,5.0,3.0,2.0,5.0,0.67,0.33,0.67,0.33,0.53,0.53,0.86,0.14,0.5,0.5,0.5,0.5
0,212180,N 2,,Double chance :  draws or SC Braga,-1.5,-1.5,0.1,0.45,0.45,0.27,0.5,0.2,5.0,1.0,8.0,1.6,3.0,3.0,6.0,0.0,1.0,1.0,1.0,1.0,2.0,2.0,1.0,3.0,3.0,2.0,5.0,6.0,2.0,8.0,1.0,0.7,0.8,2.0,0.7,1.3,0.13,0.4,0.0,4.0,0.8,10.0,2.0,3.0,3.0,6.0,1.0,0.0,1.0,1.0,1.0,2.0,1.0,2.0,3.0,5.0,2.0,7.0,7.0,4.0,11.0,1.7,0.7,1.2,2.3,1.3,1.8,4.0,4.0,8.0,0.0,0.0,0.0,4.0,3.0,7.0,1.0,0.0,1.0,0.67,0.33,0.56,0.44,0.56,0.56,0.44,0.56,0.07,0.93,0.23,0.77
0,212181,N 2,+1.5,Combo Double chance :  draws or FC Porto and +1.5 goals,-3.5,-4.5,0.1,0.45,0.45,0.67,1.0,0.0,13.0,2.6,8.0,1.6,3.0,3.0,6.0,1.0,2.0,3.0,1.0,0.0,1.0,1.0,1.0,2.0,8.0,5.0,13.0,6.0,3.0,9.0,2.7,1.7,2.2,2.0,1.0,1.5,1.0,1.0,0.75,14.0,2.8,2.0,0.4,3.0,3.0,6.0,3.0,2.0,5.0,0.0,0.0,0.0,0.0,1.0,1.0,9.0,6.0,15.0,0.0,4.0,4.0,3.0,2.0,2.5,0.0,1.3,0.7,10.0,10.0,20.0,0.0,0.0,0.0,8.0,8.0,16.0,2.0,2.0,4.0,0.4,0.6,0.48,0.52,0.2,0.2,0.42,0.58,0.07,0.93,0.29,0.71
0,212174,N 2,+1.5,Combo Double chance :  draws or Sporting CP and +1.5 goals,-2.5,-3.5,0.1,0.45,0.45,0.2,1.0,0.0,8.0,1.6,16.0,3.2,2.0,4.0,6.0,1.0,0.0,1.0,0.0,0.0,0.0,1.0,4.0,5.0,5.0,4.0,9.0,4.0,14.0,18.0,2.5,1.0,1.5,2.0,3.5,3.0,0.47,1.0,0.0,9.0,1.8,8.0,1.6,3.0,3.0,6.0,1.0,1.0,2.0,0.0,2.0,2.0,2.0,0.0,2.0,5.0,5.0,10.0,6.0,3.0,9.0,1.7,1.7,1.7,2.0,1.0,1.5,4.0,3.0,7.0,1.0,0.0,1.0,3.0,3.0,6.0,0.0,0.0,0.0,0.3,0.7,0.47,0.53,0.33,0.33,0.38,0.62,0.2,0.8,0.24,0.76
0,212183,N 2,,Double chance :  draws or Rio Ave,-1.5,-2.5,0.1,0.45,0.45,0.27,1.0,0.0,5.0,1.0,8.0,1.6,3.0,4.0,7.0,1.0,0.0,1.0,0.0,1.0,1.0,2.0,3.0,5.0,2.0,3.0,5.0,3.0,11.0,14.0,0.7,0.8,0.7,1.0,2.8,2.0,0.47,1.0,0.0,8.0,1.6,8.0,1.6,4.0,3.0,7.0,1.0,2.0,3.0,1.0,0.0,1.0,2.0,1.0,3.0,8.0,5.0,13.0,7.0,3.0,10.0,2.0,1.7,1.9,1.8,1.0,1.4,9.0,8.0,17.0,2.0,0.0,2.0,3.0,3.0,6.0,4.0,5.0,9.0,0.36,0.64,0.38,0.62,0.5,0.5,0.25,0.75,0.5,0.5,0.45,0.55
0,212182,1 N,-3.5,Combo Double chance : GIL Vicente or draws  and -3.5 goals,-1.5,-1.5,0.35,0.35,0.3,0.2,0.25,0.0,1.0,0.2,4.0,0.8,4.0,3.0,7.0,1.0,0.0,1.0,3.0,0.0,3.0,0.0,3.0,3.0,3.0,0.0,3.0,2.0,6.0,8.0,0.8,0.0,0.4,0.5,2.0,1.1,0.07,0.75,0.0,3.0,0.6,8.0,1.6,4.0,3.0,7.0,0.0,1.0,1.0,1.0,1.0,2.0,3.0,1.0,4.0,3.0,2.0,5.0,7.0,2.0,9.0,0.8,0.7,0.7,1.8,0.7,1.3,3.0,1.0,4.0,0.0,1.0,1.0,0.0,2.0,2.0,1.0,0.0,1.0,0.75,0.25,0.25,0.75,0.67,0.67,0.56,0.44,0.33,0.67,0.43,0.57
0,212186,N 2,,Double chance :  draws or Aves,-1.5,-2.5,0.1,0.45,0.45,0.27,1.0,0.0,4.0,0.8,7.0,1.4,3.0,4.0,7.0,0.0,1.0,1.0,0.0,2.0,2.0,3.0,1.0,4.0,0.0,4.0,4.0,5.0,4.0,9.0,0.0,1.0,0.6,1.7,1.0,1.3,0.0,1.0,0.0,4.0,0.8,12.0,2.4,4.0,4.0,8.0,1.0,0.0,1.0,0.0,0.0,0.0,3.0,4.0,7.0,5.0,4.0,9.0,6.0,14.0,20.0,1.3,1.0,1.1,1.5,3.5,2.5,3.0,2.0,5.0,2.0,0.0,2.0,2.0,1.0,3.0,0.0,0.0,0.0,1.0,0.0,0.5,0.5,0.63,0.63,0.0,1.0,0.25,0.75,0.4,0.6
0,212190,1 N,-3.5,Combo Double chance : Vitoria Setubal or draws  and -3.5 goals,-1.5,-2.5,0.45,0.45,0.1,0.4,0.11,0.89,1.0,0.2,1.0,0.2,4.0,3.0,7.0,1.0,0.0,1.0,3.0,1.0,4.0,0.0,2.0,2.0,1.0,0.0,1.0,0.0,5.0,5.0,0.3,0.0,0.1,0.0,1.7,0.7,0.47,0.89,0.0,8.0,1.6,9.0,1.8,4.0,3.0,7.0,1.0,1.0,2.0,1.0,1.0,2.0,2.0,1.0,3.0,6.0,4.0,10.0,8.0,5.0,13.0,1.5,1.3,1.4,2.0,1.7,1.9,10.0,9.0,19.0,3.0,2.0,5.0,5.0,4.0,9.0,3.0,2.0,5.0,0.46,0.54,0.11,0.89,0.9,0.9,1.0,0.0,0.6,0.4,0.54,0.46
0,212188,N 2,-3.5,Combo Double chance :  draws or Boavista and -3.5 goals,-1.5,-1.5,0.1,0.45,0.45,0.27,0.38,0.25,3.0,0.6,6.0,1.2,3.0,4.0,7.0,2.0,0.0,2.0,0.0,1.0,1.0,1.0,3.0,4.0,5.0,2.0,7.0,2.0,7.0,9.0,1.7,0.5,1.0,0.7,1.8,1.3,0.47,0.38,0.75,3.0,0.6,2.0,0.4,4.0,3.0,7.0,1.0,1.0,2.0,3.0,2.0,5.0,0.0,0.0,0.0,4.0,2.0,6.0,3.0,1.0,4.0,1.0,0.7,0.9,0.8,0.3,0.6,6.0,5.0,11.0,3.0,1.0,4.0,4.0,0.0,4.0,3.0,0.0,3.0,0.36,0.64,0.5,0.5,0.25,0.25,0.51,0.49,0.5,0.5,0.44,0.56
0,212187,2,,Winner : Benfica,-1.5,-3.5,0.0,0.5,0.5,0.53,0.67,0.44,6.0,1.2,5.0,1.0,3.0,5.0,8.0,0.0,3.0,3.0,1.0,2.0,3.0,2.0,0.0,2.0,2.0,8.0,10.0,5.0,4.0,9.0,0.7,1.6,1.3,1.7,0.8,1.1,0.8,1.0,0.67,9.0,1.8,3.0,0.6,4.0,3.0,7.0,3.0,3.0,6.0,0.0,0.0,0.0,1.0,0.0,1.0,8.0,8.0,16.0,2.0,1.0,3.0,2.0,2.7,2.3,0.5,0.3,0.4,5.0,4.0,9.0,0.0,1.0,1.0,3.0,5.0,8.0,0.0,0.0,0.0,0.4,0.6,0.4,0.6,0.38,0.38,0.04,0.96,0.2,0.8,0.25,0.75
0,212185,1 N,,Double chance : FC Porto or draws,-3.5,-3.5,0.45,0.45,0.1,1.0,1.0,0.8,11.0,2.2,2.0,0.4,3.0,4.0,7.0,3.0,3.0,6.0,0.0,0.0,0.0,0.0,1.0,1.0,9.0,7.0,16.0,0.0,4.0,4.0,3.0,1.8,2.3,0.0,1.0,0.6,0.87,1.0,0.3,13.0,2.6,7.0,1.4,3.0,4.0,7.0,3.0,3.0,6.0,0.0,1.0,1.0,0.0,0.0,0.0,8.0,8.0,16.0,3.0,4.0,7.0,2.7,2.0,2.3,1.0,1.0,1.0,1.0,0.0,1.0,1.0,0.0,1.0,0.0,0.0,0.0,0.0,0.0,0.0,0.54,0.46,0.46,0.54,0.78,0.78,1.0,0.0,0.0,0.0,0.0,0.0
0,212189,1 N,,Double chance : Sporting CP or draws,-2.5,-3.5,0.45,0.45,0.1,0.47,1.0,0.13,8.0,1.6,7.0,1.4,3.0,4.0,7.0,1.0,2.0,3.0,0.0,2.0,2.0,2.0,0.0,2.0,5.0,6.0,11.0,6.0,3.0,9.0,1.7,1.5,1.6,2.0,0.8,1.3,0.67,1.0,0.25,10.0,2.0,6.0,1.2,4.0,3.0,7.0,2.0,1.0,3.0,2.0,1.0,3.0,0.0,1.0,1.0,8.0,4.0,12.0,3.0,5.0,8.0,2.0,1.3,1.7,0.8,1.7,1.1,10.0,9.0,19.0,7.0,3.0,10.0,2.0,1.0,3.0,2.0,4.0,6.0,0.41,0.59,0.44,0.56,0.46,0.46,0.46,0.54,0.71,0.29,0.82,0.18
0,212184,1 N,-3.5,Combo Double chance : SC Braga or draws  and -3.5 goals,-1.5,-1.5,0.35,0.35,0.3,0.33,0.4,0.2,4.0,0.8,8.0,1.6,3.0,4.0,7.0,1.0,1.0,2.0,1.0,1.0,2.0,1.0,2.0,3.0,5.0,3.0,8.0,7.0,4.0,11.0,1.7,0.8,1.1,2.3,1.0,1.6,0.53,0.3,0.8,3.0,0.6,2.0,0.4,4.0,3.0,7.0,2.0,1.0,3.0,1.0,1.0,2.0,1.0,1.0,2.0,3.0,1.0,4.0,2.0,2.0,4.0,0.8,0.3,0.6,0.5,0.7,0.6,3.0,1.0,4.0,3.0,0.0,3.0,0.0,0.0,0.0,0.0,1.0,1.0,0.38,0.62,0.57,0.43,0.2,0.2,0.53,0.47,0.88,0.13,0.6,0.4
0,212193,N 2,,Double chance :  draws or Tondela,-2.5,-3.5,0.0,0.5,0.5,0.0,1.0,0.0,5.0,1.0,16.0,3.2,3.0,4.0,7.0,1.0,0.0,1.0,0.0,0.0,0.0,2.0,4.0,6.0,5.0,4.0,9.0,5.0,14.0,19.0,1.7,1.0,1.3,1.7,3.5,2.7,0.53,1.0,0.0,8.0,1.6,7.0,1.4,3.0,4.0,7.0,0.0,2.0,2.0,1.0,2.0,3.0,2.0,0.0,2.0,2.0,7.0,9.0,5.0,4.0,9.0,0.7,1.8,1.3,1.7,1.0,1.3,3.0,2.0,5.0,0.0,1.0,1.0,1.0,2.0,3.0,1.0,0.0,1.0,0.0,1.0,0.38,0.62,0.3,0.3,0.32,0.68,0.36,0.64,0.4,0.6
0,212199,1 N,,Double chance : Rio Ave or draws,-2.5,-1.5,0.45,0.45,0.1,0.33,0.42,0.5,5.0,1.0,6.0,1.2,4.0,4.0,8.0,1.0,2.0,3.0,1.0,1.0,2.0,2.0,1.0,3.0,8.0,5.0,13.0,7.0,3.0,10.0,2.0,1.3,1.6,1.8,0.8,1.3,0.27,0.33,0.42,4.0,0.8,7.0,1.4,4.0,4.0,8.0,2.0,0.0,2.0,1.0,1.0,2.0,1.0,3.0,4.0,6.0,2.0,8.0,3.0,7.0,10.0,1.5,0.5,1.0,0.8,1.8,1.3,7.0,6.0,13.0,2.0,3.0,5.0,1.0,3.0,4.0,2.0,2.0,4.0,0.56,0.44,0.56,0.44,0.54,0.54,0.76,0.24,0.6,0.4,0.53,0.47
0,212197,N 2,,Double chance :  draws or FC Porto,-2.5,-3.5,0.0,0.5,0.5,0.53,0.5,0.5,6.0,1.2,6.0,1.2,4.0,4.0,8.0,1.0,1.0,2.0,1.0,2.0,3.0,2.0,1.0,3.0,6.0,4.0,10.0,8.0,5.0,13.0,1.5,1.0,1.3,2.0,1.3,1.6,1.0,1.0,0.83,12.0,2.4,2.0,0.4,4.0,4.0,8.0,4.0,3.0,7.0,0.0,0.0,0.0,0.0,1.0,1.0,12.0,7.0,19.0,0.0,4.0,4.0,3.0,1.8,2.4,0.0,1.0,0.5,10.0,9.0,19.0,2.0,0.0,2.0,9.0,4.0,13.0,4.0,0.0,4.0,0.35,0.65,0.33,0.67,0.25,0.25,0.25,0.75,0.07,0.93,0.17,0.83
0,212198,1 N,,Double chance : Guimaraes or draws,-2.5,-2.5,0.45,0.45,0.1,0.67,0.85,0.54,11.0,2.2,6.0,1.2,4.0,4.0,8.0,2.0,1.0,3.0,2.0,1.0,3.0,0.0,2.0,2.0,8.0,5.0,13.0,3.0,8.0,11.0,2.0,1.3,1.6,0.8,2.0,1.4,0.4,0.54,0.31,7.0,1.4,9.0,1.8,4.0,4.0,8.0,1.0,1.0,2.0,0.0,2.0,2.0,3.0,1.0,4.0,3.0,4.0,7.0,7.0,4.0,11.0,0.8,1.0,0.9,1.8,1.0,1.4,7.0,6.0,13.0,2.0,1.0,3.0,3.0,1.0,4.0,4.0,2.0,6.0,0.63,0.38,0.61,0.39,0.6,0.6,0.68,0.32,0.38,0.62,0.6,0.4
0,212194,1 N,-3.5,Combo Double chance : Benfica or draws  and -3.5 goals,-2.5,-1.5,0.5,0.5,0.0,1.0,0.67,0.93,10.0,2.0,1.0,0.2,4.0,4.0,8.0,3.0,4.0,7.0,0.0,0.0,0.0,1.0,0.0,1.0,8.0,9.0,17.0,2.0,1.0,3.0,2.0,2.3,2.1,0.5,0.3,0.4,0.13,0.2,0.6,3.0,0.6,6.0,1.2,4.0,4.0,8.0,0.0,1.0,1.0,1.0,2.0,3.0,3.0,1.0,4.0,3.0,3.0,6.0,7.0,3.0,10.0,0.8,0.8,0.8,1.8,0.8,1.3,4.0,3.0,7.0,3.0,2.0,5.0,1.0,0.0,1.0,1.0,0.0,1.0,0.88,0.12,0.77,0.23,0.86,0.86,0.75,0.25,0.71,0.29,0.65,0.35
0,212191,1,,Winner : Famalicao,-4.5,-1.5,0.45,0.45,0.1,0.8,0.8,0.4,12.0,2.4,9.0,1.8,3.0,5.0,8.0,3.0,3.0,6.0,0.0,1.0,1.0,0.0,1.0,1.0,8.0,8.0,16.0,3.0,7.0,10.0,2.7,1.6,2.0,1.0,1.4,1.3,0.2,0.07,0.73,1.0,0.2,4.0,0.8,5.0,3.0,8.0,1.0,0.0,1.0,4.0,0.0,4.0,0.0,3.0,3.0,4.0,0.0,4.0,3.0,6.0,9.0,0.8,0.0,0.5,0.6,2.0,1.1,3.0,2.0,5.0,3.0,2.0,5.0,0.0,0.0,0.0,0.0,0.0,0.0,0.8,0.2,0.92,0.08,0.31,0.31,1.0,0.0,1.0,0.0,0.88,0.13
0,212192,N 2,,Double chance :  draws or Sporting CP,-1.5,-2.5,0.1,0.45,0.45,0.27,0.25,0.56,4.0,0.8,7.0,1.4,4.0,4.0,8.0,1.0,0.0,1.0,1.0,1.0,2.0,2.0,3.0,5.0,2.0,3.0,5.0,3.0,11.0,14.0,0.5,0.8,0.6,0.8,2.8,1.8,0.47,0.5,0.56,8.0,1.6,7.0,1.4,4.0,4.0,8.0,2.0,2.0,4.0,0.0,2.0,2.0,2.0,0.0,2.0,8.0,6.0,14.0,7.0,3.0,10.0,2.0,1.5,1.8,1.8,0.8,1.3,9.0,8.0,17.0,2.0,2.0,4.0,4.0,6.0,10.0,1.0,2.0,3.0,0.36,0.64,0.33,0.67,0.5,0.5,0.19,0.81,0.0,1.0,0.25,0.75
0,212195,N 2,-3.5,Combo Double chance :  draws or SC Braga and -3.5 goals,-1.5,-1.5,0.1,0.45,0.45,0.47,0.18,0.88,3.0,0.6,2.0,0.4,4.0,4.0,8.0,1.0,1.0,2.0,3.0,3.0,6.0,0.0,0.0,0.0,4.0,3.0,7.0,3.0,2.0,5.0,1.0,0.8,0.9,0.8,0.5,0.6,0.47,0.29,0.59,5.0,1.0,7.0,1.4,4.0,4.0,8.0,2.0,1.0,3.0,1.0,1.0,2.0,1.0,2.0,3.0,7.0,3.0,10.0,7.0,4.0,11.0,1.8,0.8,1.3,1.8,1.0,1.4,6.0,5.0,11.0,3.0,0.0,3.0,4.0,1.0,5.0,2.0,1.0,3.0,0.5,0.5,0.38,0.63,0.78,0.78,0.57,0.43,0.38,0.62,0.47,0.53
0,212196,1 N,-2.5,Combo Double chance : Santa Clara or draws  and -2.5 goals,-1.5,-1.5,0.45,0.45,0.1,0.47,0.18,0.76,3.0,0.6,4.0,0.8,4.0,4.0,8.0,2.0,1.0,3.0,1.0,1.0,2.0,1.0,2.0,3.0,3.0,1.0,4.0,2.0,4.0,6.0,0.8,0.3,0.5,0.5,1.0,0.8,0.4,0.06,0.94,1.0,0.2,1.0,0.2,5.0,3.0,8.0,1.0,0.0,1.0,4.0,1.0,5.0,0.0,2.0,2.0,1.0,0.0,1.0,0.0,5.0,5.0,0.2,0.0,0.1,0.0,1.7,0.6,2.0,1.0,3.0,0.0,1.0,1.0,0.0,0.0,0.0,2.0,0.0,2.0,0.54,0.46,0.75,0.25,0.2,0.2,1.0,0.0,0.8,0.2,1.0,0.0
0,212201,1 N,,Double chance : Benfica or draws,-2.5,-1.5,0.5,0.5,0.0,1.0,0.71,0.93,10.0,2.0,1.0,0.2,5.0,4.0,9.0,4.0,4.0,8.0,0.0,0.0,0.0,1.0,0.0,1.0,12.0,9.0,21.0,2.0,1.0,3.0,2.4,2.3,2.3,0.4,0.3,0.3,0.33,0.36,0.57,5.0,1.0,6.0,1.2,5.0,4.0,9.0,1.0,2.0,3.0,2.0,1.0,3.0,2.0,1.0,3.0,9.0,5.0,14.0,8.0,3.0,11.0,1.8,1.3,1.6,1.6,0.8,1.2,11.0,10.0,21.0,11.0,6.0,17.0,2.0,0.0,2.0,0.0,2.0,2.0,0.75,0.25,0.67,0.33,0.86,0.86,0.72,0.28,0.71,0.29,0.63,0.38
0,212207,N 2,,Double chance :  draws or Guimaraes,-2.5,-2.5,0.1,0.45,0.45,0.13,0.33,0.33,4.0,0.8,8.0,1.6,4.0,5.0,9.0,2.0,0.0,2.0,1.0,2.0,3.0,1.0,3.0,4.0,6.0,3.0,9.0,3.0,8.0,11.0,1.5,0.6,1.0,0.8,1.6,1.2,0.8,1.0,0.58,15.0,3.0,5.0,1.0,5.0,4.0,9.0,3.0,1.0,4.0,2.0,1.0,3.0,0.0,2.0,2.0,13.0,5.0,18.0,3.0,8.0,11.0,2.6,1.3,2.0,0.6,2.0,1.2,7.0,6.0,13.0,2.0,0.0,2.0,6.0,4.0,10.0,1.0,0.0,1.0,0.14,0.86,0.21,0.79,0.38,0.38,0.69,0.31,0.2,0.8,0.3,0.7
0,212200,N 2,-3.5,Combo Double chance :  draws or Maritimo and -3.5 goals,-1.5,-1.5,0.1,0.45,0.45,0.13,0.18,0.45,2.0,0.4,6.0,1.2,5.0,4.0,9.0,1.0,0.0,1.0,4.0,0.0,4.0,0.0,4.0,4.0,4.0,1.0,5.0,3.0,8.0,11.0,0.8,0.3,0.6,0.6,2.0,1.2,0.4,0.55,0.36,6.0,1.2,7.0,1.4,5.0,4.0,9.0,1.0,1.0,2.0,2.0,2.0,4.0,2.0,1.0,3.0,7.0,4.0,11.0,9.0,5.0,14.0,1.4,1.0,1.2,1.8,1.3,1.6,5.0,4.0,9.0,2.0,1.0,3.0,2.0,1.0,3.0,2.0,1.0,3.0,0.25,0.75,0.25,0.75,0.54,0.54,0.54,0.46,0.5,0.5,0.53,0.47
0,212208,N 2,,Double chance :  draws or Sporting CP,-1.5,-2.5,0.1,0.45,0.45,0.47,0.6,0.4,6.0,1.2,6.0,1.2,4.0,5.0,9.0,0.0,3.0,3.0,1.0,2.0,3.0,3.0,0.0,3.0,2.0,8.0,10.0,6.0,4.0,10.0,0.5,1.6,1.1,1.5,0.8,1.1,0.67,0.8,0.5,8.0,1.6,5.0,1.0,4.0,5.0,9.0,2.0,3.0,5.0,0.0,2.0,2.0,2.0,0.0,2.0,8.0,8.0,16.0,7.0,4.0,11.0,2.0,1.6,1.8,1.8,0.8,1.2,5.0,4.0,9.0,2.0,0.0,2.0,1.0,3.0,4.0,0.0,3.0,3.0,0.41,0.59,0.43,0.57,0.45,0.45,0.1,0.9,0.29,0.71,0.33,0.67
0,212204,1,+1.5,Combo Winner : FC Porto and +1.5 goals,-5.5,-1.5,0.5,0.5,0.0,0.87,1.0,0.67,10.0,2.0,3.0,0.6,4.0,5.0,9.0,4.0,3.0,7.0,0.0,1.0,1.0,0.0,1.0,1.0,12.0,8.0,20.0,0.0,5.0,5.0,3.0,1.6,2.2,0.0,1.0,0.6,0.0,0.44,0.0,4.0,0.8,12.0,2.4,4.0,5.0,9.0,1.0,0.0,1.0,0.0,0.0,0.0,3.0,5.0,8.0,5.0,6.0,11.0,6.0,17.0,23.0,1.3,1.2,1.2,1.5,3.4,2.6,4.0,2.0,6.0,4.0,1.0,5.0,0.0,0.0,0.0,0.0,1.0,1.0,1.0,0.0,0.71,0.29,0.8,0.8,1.0,0.0,0.93,0.07,0.85,0.15
0,212202,N 2,,Double chance :  draws or Famalicao,-2.5,-3.5,0.1,0.45,0.45,0.47,0.63,0.38,5.0,1.0,5.0,1.0,4.0,5.0,9.0,2.0,1.0,3.0,1.0,1.0,2.0,1.0,3.0,4.0,7.0,3.0,10.0,7.0,6.0,13.0,1.8,0.6,1.1,1.8,1.2,1.4,0.8,1.0,0.0,11.0,2.2,8.0,1.6,4.0,5.0,9.0,4.0,3.0,7.0,0.0,1.0,1.0,0.0,1.0,1.0,10.0,8.0,18.0,4.0,7.0,11.0,2.5,1.6,2.0,1.0,1.4,1.2,1.0,0.0,1.0,0.0,0.0,0.0,0.0,0.0,0.0,1.0,0.0,1.0,0.37,0.63,0.31,0.69,0.62,0.62,0.38,0.62,0.0,0.0,0.0,0.0
0,212203,N 2,,Double chance :  draws or Pacos Ferreira,-2.5,-2.5,0.1,0.45,0.45,0.4,0.7,0.0,7.0,1.4,13.0,2.6,4.0,5.0,9.0,1.0,1.0,2.0,0.0,2.0,2.0,3.0,2.0,5.0,3.0,4.0,7.0,7.0,9.0,16.0,0.8,0.8,0.8,1.8,1.8,1.8,0.27,0.5,0.2,5.0,1.0,8.0,1.6,5.0,4.0,9.0,1.0,0.0,1.0,1.0,1.0,2.0,3.0,3.0,6.0,3.0,3.0,6.0,5.0,11.0,16.0,0.6,0.8,0.7,1.0,2.8,1.8,6.0,5.0,11.0,1.0,0.0,1.0,3.0,3.0,6.0,2.0,2.0,4.0,0.6,0.4,0.58,0.42,0.38,0.38,0.52,0.48,0.15,0.85,0.3,0.7
0,212205,N 2,-2.5,Combo Double chance :  draws or Boavista and -2.5 goals,-1.5,-1.5,0.1,0.45,0.45,0.4,0.22,0.78,2.0,0.4,2.0,0.4,5.0,4.0,9.0,1.0,0.0,1.0,4.0,2.0,6.0,0.0,2.0,2.0,1.0,1.0,2.0,0.0,6.0,6.0,0.2,0.3,0.2,0.0,1.5,0.7,0.47,0.44,0.78,4.0,0.8,2.0,0.4,5.0,4.0,9.0,2.0,1.0,3.0,3.0,3.0,6.0,0.0,0.0,0.0,6.0,3.0,9.0,3.0,2.0,5.0,1.2,0.8,1.0,0.6,0.5,0.6,6.0,5.0,11.0,1.0,0.0,1.0,4.0,3.0,7.0,2.0,1.0,3.0,0.46,0.54,0.33,0.67,0.5,0.5,1.0,0.0,0.07,0.93,0.09,0.91
0,212206,N 2,-3.5,Combo Double chance :  draws or Santa Clara and -3.5 goals,-1.5,-1.5,0.1,0.45,0.45,0.13,0.33,0.0,3.0,0.6,9.0,1.8,4.0,5.0,9.0,0.0,1.0,1.0,1.0,2.0,3.0,3.0,2.0,5.0,3.0,3.0,6.0,7.0,7.0,14.0,0.8,0.6,0.7,1.8,1.4,1.6,0.47,0.44,0.44,4.0,0.8,5.0,1.0,5.0,4.0,9.0,2.0,1.0,3.0,2.0,1.0,3.0,1.0,2.0,3.0,4.0,1.0,5.0,3.0,4.0,7.0,0.8,0.3,0.6,0.6,1.0,0.8,3.0,2.0,5.0,1.0,1.0,2.0,1.0,0.0,1.0,2.0,0.0,2.0,0.22,0.78,0.43,0.57,0.36,0.36,0.54,0.46,0.64,0.36,0.55,0.45
0,212214,N 2,-3.5,Combo Double chance :  draws or GIL Vicente and -3.5 goals,-2.5,-1.5,0.1,0.45,0.45,0.0,0.33,0.11,3.0,0.6,8.0,1.6,4.0,6.0,10.0,1.0,0.0,1.0,0.0,0.0,0.0,3.0,6.0,9.0,5.0,6.0,11.0,6.0,18.0,24.0,1.3,1.0,1.1,1.5,3.0,2.4,0.33,0.44,0.56,4.0,0.8,4.0,0.8,6.0,4.0,10.0,2.0,0.0,2.0,4.0,0.0,4.0,0.0,4.0,4.0,6.0,1.0,7.0,3.0,8.0,11.0,1.0,0.3,0.7,0.5,2.0,1.1,2.0,2.0,4.0,0.0,0.0,0.0,1.0,1.0,2.0,1.0,1.0,2.0,0.0,1.0,0.43,0.57,0.33,0.33,0.82,0.18,0.29,0.71,0.43,0.57
0,212213,1 N,-3.5,Combo Double chance : Rio Ave or draws  and -3.5 goals,-2.5,-1.5,0.45,0.45,0.1,0.33,0.27,0.64,3.0,0.6,4.0,0.8,5.0,5.0,10.0,1.0,2.0,3.0,2.0,1.0,3.0,2.0,2.0,4.0,9.0,5.0,14.0,8.0,5.0,13.0,1.8,1.0,1.4,1.6,1.0,1.3,0.4,0.18,0.82,2.0,0.4,2.0,0.4,6.0,4.0,10.0,2.0,0.0,2.0,4.0,2.0,6.0,0.0,2.0,2.0,2.0,1.0,3.0,0.0,6.0,6.0,0.3,0.3,0.3,0.0,1.5,0.6,10.0,9.0,19.0,8.0,3.0,11.0,4.0,0.0,4.0,2.0,2.0,4.0,0.45,0.55,0.6,0.4,0.33,0.33,0.82,0.18,0.62,0.38,0.6,0.4
0,212216,N 2,-3.5,Combo Double chance :  draws or Benfica and -3.5 goals,-1.5,-2.5,0.0,0.5,0.5,0.33,0.38,0.25,3.0,0.6,6.0,1.2,5.0,5.0,10.0,2.0,1.0,3.0,2.0,2.0,4.0,1.0,2.0,3.0,4.0,2.0,6.0,3.0,5.0,8.0,0.8,0.4,0.6,0.6,1.0,0.8,1.0,1.0,0.88,10.0,2.0,1.0,0.2,6.0,4.0,10.0,5.0,4.0,9.0,0.0,0.0,0.0,1.0,0.0,1.0,14.0,9.0,23.0,2.0,1.0,3.0,2.3,2.3,2.3,0.3,0.3,0.3,2.0,1.0,3.0,0.0,0.0,0.0,1.0,2.0,3.0,0.0,0.0,0.0,0.25,0.75,0.23,0.77,0.14,0.14,0.09,0.91,0.0,1.0,0.14,0.86
0,212209,1,,Winner : Famalicao,-3.5,-1.5,0.45,0.45,0.1,0.67,0.9,0.2,9.0,1.8,8.0,1.6,4.0,6.0,10.0,4.0,3.0,7.0,0.0,2.0,2.0,0.0,1.0,1.0,10.0,10.0,20.0,4.0,9.0,13.0,2.5,1.7,2.0,1.0,1.5,1.3,0.2,0.5,0.3,5.0,1.0,7.0,1.4,5.0,5.0,10.0,2.0,0.0,2.0,2.0,2.0,4.0,1.0,3.0,4.0,7.0,3.0,10.0,4.0,8.0,12.0,1.4,0.6,1.0,0.8,1.6,1.2,1.0,0.0,1.0,0.0,0.0,0.0,0.0,0.0,0.0,1.0,0.0,1.0,0.77,0.23,0.64,0.36,0.47,0.47,0.82,0.18,0.0,0.0,0.0,0.0
0,212210,N 2,-3.5,Combo Double chance :  draws or Tondela and -3.5 goals,-1.5,-2.5,0.1,0.45,0.45,0.27,0.21,0.64,3.0,0.6,5.0,1.0,5.0,5.0,10.0,1.0,0.0,1.0,1.0,1.0,2.0,3.0,4.0,7.0,3.0,3.0,6.0,5.0,12.0,17.0,0.6,0.6,0.6,1.0,2.4,1.7,0.47,0.21,0.71,3.0,0.6,4.0,0.8,5.0,5.0,10.0,1.0,3.0,4.0,1.0,2.0,3.0,3.0,0.0,3.0,3.0,8.0,11.0,6.0,4.0,10.0,0.6,1.6,1.1,1.2,0.8,1.0,4.0,3.0,7.0,1.0,1.0,2.0,1.0,2.0,3.0,1.0,1.0,2.0,0.36,0.64,0.5,0.5,0.44,0.44,0.17,0.83,0.15,0.85,0.29,0.71
0,212212,1 N,,Double chance : Maritimo or draws,-2.5,-1.5,0.35,0.35,0.3,0.4,0.36,0.57,5.0,1.0,6.0,1.2,5.0,5.0,10.0,1.0,1.0,2.0,2.0,2.0,4.0,2.0,2.0,4.0,7.0,4.0,11.0,9.0,7.0,16.0,1.4,0.8,1.1,1.8,1.4,1.6,0.2,0.14,0.5,2.0,0.4,7.0,1.4,5.0,5.0,10.0,0.0,1.0,1.0,2.0,2.0,4.0,3.0,2.0,5.0,4.0,3.0,7.0,8.0,7.0,15.0,0.8,0.6,0.7,1.6,1.4,1.5,4.0,3.0,7.0,1.0,1.0,2.0,2.0,1.0,3.0,2.0,0.0,2.0,0.67,0.33,0.71,0.29,0.54,0.54,0.56,0.44,0.4,0.6,0.4,0.6
0,212215,1 N,,Double chance : Sporting CP or draws,-2.5,-2.5,0.45,0.45,0.1,0.6,0.54,0.62,7.0,1.4,5.0,1.0,4.0,6.0,10.0,2.0,3.0,5.0,0.0,2.0,2.0,2.0,1.0,3.0,8.0,8.0,16.0,7.0,5.0,12.0,2.0,1.3,1.6,1.8,0.8,1.2,0.4,0.38,0.08,5.0,1.0,12.0,2.4,5.0,5.0,10.0,2.0,1.0,3.0,0.0,2.0,2.0,3.0,2.0,5.0,4.0,4.0,8.0,7.0,9.0,16.0,0.8,0.8,0.8,1.4,1.8,1.6,7.0,6.0,13.0,5.0,5.0,10.0,0.0,1.0,1.0,1.0,1.0,2.0,0.6,0.4,0.58,0.42,0.71,0.71,0.64,0.36,0.8,0.2,0.67,0.33
0,212217,1,,Winner : Guimaraes,-3.5,-1.5,0.35,0.35,0.3,0.67,0.79,0.64,11.0,2.2,5.0,1.0,5.0,5.0,10.0,3.0,1.0,4.0,2.0,2.0,4.0,0.0,2.0,2.0,13.0,6.0,19.0,3.0,9.0,12.0,2.6,1.2,1.9,0.6,1.8,1.2,0.53,0.5,0.57,7.0,1.4,6.0,1.2,5.0,5.0,10.0,2.0,1.0,3.0,2.0,1.0,3.0,1.0,3.0,4.0,9.0,3.0,12.0,9.0,6.0,15.0,1.8,0.6,1.2,1.8,1.2,1.5,10.0,9.0,19.0,3.0,1.0,4.0,6.0,5.0,11.0,2.0,2.0,4.0,0.56,0.44,0.61,0.39,0.55,0.55,0.86,0.14,0.29,0.71,0.29,0.71
0,212211,N 2,-3.5,Combo Double chance :  draws or FC Porto and -3.5 goals,-1.5,-2.5,0.1,0.45,0.45,0.4,0.23,0.85,3.0,0.6,2.0,0.4,5.0,5.0,10.0,2.0,1.0,3.0,3.0,3.0,6.0,0.0,1.0,1.0,6.0,3.0,9.0,3.0,3.0,6.0,1.2,0.6,0.9,0.6,0.6,0.6,0.87,0.62,0.92,8.0,1.6,1.0,0.2,5.0,5.0,10.0,5.0,3.0,8.0,0.0,1.0,1.0,0.0,1.0,1.0,13.0,8.0,21.0,0.0,5.0,5.0,2.6,1.6,2.1,0.0,1.0,0.5,6.0,5.0,11.0,0.0,0.0,0.0,4.0,6.0,10.0,0.0,1.0,1.0,0.32,0.68,0.27,0.73,0.33,0.33,0.47,0.53,0.0,1.0,0.0,1.0
0,212225,N 2,-3.5,Combo Double chance :  draws or Boavista and -3.5 goals,-1.5,-1.5,0.1,0.45,0.45,0.33,0.5,0.25,4.0,0.8,6.0,1.2,6.0,5.0,11.0,2.0,1.0,3.0,2.0,2.0,4.0,2.0,2.0,4.0,5.0,2.0,7.0,5.0,5.0,10.0,0.8,0.4,0.6,0.8,1.0,0.9,0.33,0.38,0.63,3.0,0.6,3.0,0.6,6.0,5.0,11.0,2.0,1.0,3.0,3.0,3.0,6.0,1.0,1.0,2.0,6.0,3.0,9.0,4.0,3.0,7.0,1.0,0.6,0.8,0.7,0.6,0.6,2.0,1.0,3.0,1.0,0.0,1.0,1.0,1.0,2.0,0.0,0.0,0.0,0.5,0.5,0.57,0.43,0.33,0.33,0.42,0.58,0.5,0.5,0.57,0.43
0,212223,1,,Winner : Moreirense,-3.5,-1.5,0.45,0.45,0.1,0.27,0.78,0.11,7.0,1.4,8.0,1.6,5.0,6.0,11.0,2.0,0.0,2.0,2.0,3.0,5.0,1.0,3.0,4.0,7.0,6.0,13.0,4.0,11.0,15.0,1.4,1.0,1.2,0.8,1.8,1.4,0.0,0.33,0.11,3.0,0.6,8.0,1.6,5.0,6.0,11.0,1.0,0.0,1.0,0.0,0.0,0.0,4.0,6.0,10.0,6.0,6.0,12.0,8.0,18.0,26.0,1.2,1.0,1.1,1.6,3.0,2.4,3.0,2.0,5.0,2.0,2.0,4.0,0.0,1.0,1.0,0.0,0.0,0.0,1.0,0.0,0.7,0.3,0.5,0.5,0.79,0.21,0.75,0.25,0.5,0.5
0,212218,1,,Winner : Benfica,-3.5,-1.5,0.5,0.5,0.0,1.0,0.77,0.92,10.0,2.0,1.0,0.2,6.0,5.0,11.0,5.0,5.0,10.0,0.0,0.0,0.0,1.0,0.0,1.0,14.0,11.0,25.0,2.0,2.0,4.0,2.3,2.2,2.3,0.3,0.4,0.4,0.4,0.31,0.62,4.0,0.8,5.0,1.0,6.0,5.0,11.0,1.0,1.0,2.0,3.0,2.0,5.0,2.0,2.0,4.0,8.0,4.0,12.0,10.0,7.0,17.0,1.3,0.8,1.1,1.7,1.4,1.5,11.0,9.0,20.0,11.0,6.0,17.0,2.0,0.0,2.0,0.0,1.0,1.0,0.71,0.29,0.71,0.29,0.83,0.83,0.9,0.1,0.93,0.07,0.94,0.06
0,212221,2,,Winner : Famalicao,-1.5,-3.5,0.1,0.45,0.45,0.2,0.2,0.47,3.0,0.6,8.0,1.6,5.0,6.0,11.0,0.0,1.0,1.0,2.0,3.0,5.0,3.0,2.0,5.0,4.0,4.0,8.0,8.0,8.0,16.0,0.8,0.7,0.7,1.6,1.3,1.5,0.53,0.67,0.33,10.0,2.0,10.0,2.0,5.0,6.0,11.0,4.0,3.0,7.0,1.0,2.0,3.0,0.0,1.0,1.0,13.0,10.0,23.0,7.0,9.0,16.0,2.6,1.7,2.1,1.4,1.5,1.5,2.0,1.0,3.0,2.0,1.0,3.0,0.0,0.0,0.0,0.0,0.0,0.0,0.27,0.73,0.23,0.77,0.56,0.56,0.24,0.76,1.0,0.0,0.63,0.38
0,212224,1 N,-3.5,Combo Double chance : Tondela or draws  and -3.5 goals,-1.5,-1.5,0.35,0.35,0.3,0.47,0.13,0.88,2.0,0.4,2.0,0.4,5.0,6.0,11.0,1.0,3.0,4.0,1.0,2.0,3.0,3.0,1.0,4.0,3.0,8.0,11.0,6.0,5.0,11.0,0.6,1.3,1.0,1.2,0.8,1.0,0.4,0.31,0.25,5.0,1.0,12.0,2.4,5.0,6.0,11.0,2.0,1.0,3.0,0.0,2.0,2.0,3.0,3.0,6.0,4.0,4.0,8.0,7.0,11.0,18.0,0.8,0.7,0.7,1.4,1.8,1.6,5.0,4.0,9.0,1.0,0.0,1.0,1.0,3.0,4.0,1.0,3.0,4.0,0.54,0.46,0.29,0.71,0.86,0.86,0.49,0.51,0.5,0.5,0.57,0.43
0,212226,N 2,-3.5,Combo Double chance :  draws or Guimaraes and -3.5 goals,-1.5,-2.5,0.1,0.45,0.45,0.33,0.13,0.81,2.0,0.4,3.0,0.6,6.0,5.0,11.0,2.0,0.0,2.0,4.0,2.0,6.0,0.0,3.0,3.0,2.0,1.0,3.0,0.0,7.0,7.0,0.3,0.2,0.3,0.0,1.4,0.6,0.47,0.5,0.63,8.0,1.6,6.0,1.2,6.0,5.0,11.0,3.0,1.0,4.0,2.0,2.0,4.0,1.0,2.0,3.0,13.0,6.0,19.0,5.0,9.0,14.0,2.2,1.2,1.7,0.8,1.8,1.3,11.0,9.0,20.0,3.0,2.0,5.0,3.0,5.0,8.0,3.0,4.0,7.0,0.42,0.58,0.2,0.8,0.67,0.67,1.0,0.0,0.25,0.75,0.36,0.64
0,212219,N 2,-3.5,Combo Double chance :  draws or Sporting CP and -3.5 goals,-1.5,-2.5,0.1,0.45,0.45,0.47,0.4,0.67,6.0,1.2,5.0,1.0,6.0,5.0,11.0,2.0,1.0,3.0,4.0,0.0,4.0,0.0,4.0,4.0,6.0,3.0,9.0,3.0,9.0,12.0,1.0,0.6,0.8,0.5,1.8,1.1,0.8,0.53,0.8,8.0,1.6,3.0,0.6,5.0,6.0,11.0,3.0,3.0,6.0,0.0,2.0,2.0,2.0,1.0,3.0,10.0,8.0,18.0,7.0,5.0,12.0,2.0,1.3,1.6,1.4,0.8,1.1,6.0,4.0,10.0,2.0,0.0,2.0,4.0,4.0,8.0,0.0,0.0,0.0,0.37,0.63,0.43,0.57,0.38,0.38,0.47,0.53,0.0,1.0,0.13,0.87
0,212220,1 N,,Double chance : SC Braga or draws,-2.5,-2.5,0.45,0.45,0.1,0.67,0.5,0.71,7.0,1.4,4.0,0.8,5.0,6.0,11.0,2.0,2.0,4.0,2.0,1.0,3.0,1.0,3.0,4.0,9.0,5.0,14.0,9.0,6.0,15.0,1.8,0.8,1.3,1.8,1.0,1.4,0.33,0.14,0.71,2.0,0.4,4.0,0.8,6.0,5.0,11.0,2.0,2.0,4.0,2.0,1.0,3.0,2.0,2.0,4.0,10.0,5.0,15.0,8.0,5.0,13.0,1.7,1.0,1.4,1.3,1.0,1.2,10.0,10.0,20.0,7.0,2.0,9.0,5.0,1.0,6.0,2.0,3.0,5.0,0.67,0.33,0.78,0.22,0.5,0.5,0.41,0.59,0.5,0.5,0.5,0.5
0,212222,1,,Winner : FC Porto,-3.5,-1.5,0.45,0.45,0.1,0.87,0.58,0.92,7.0,1.4,1.0,0.2,5.0,6.0,11.0,5.0,4.0,9.0,0.0,1.0,1.0,0.0,1.0,1.0,13.0,9.0,22.0,0.0,5.0,5.0,2.6,1.5,2.0,0.0,0.8,0.5,0.27,0.17,0.67,2.0,0.4,4.0,0.8,6.0,5.0,11.0,2.0,0.0,2.0,1.0,1.0,2.0,3.0,4.0,7.0,4.0,3.0,7.0,5.0,12.0,17.0,0.7,0.6,0.6,0.8,2.4,1.5,9.0,8.0,17.0,8.0,4.0,12.0,2.0,0.0,2.0,1.0,2.0,3.0,0.76,0.24,0.78,0.22,0.8,0.8,1.0,0.0,0.5,0.5,0.71,0.29
0,212233,2,,Winner : Benfica,-1.5,-3.5,0.0,0.5,0.5,0.47,0.45,0.64,5.0,1.0,4.0,0.8,6.0,6.0,12.0,2.0,2.0,4.0,3.0,3.0,6.0,1.0,1.0,2.0,6.0,5.0,11.0,4.0,4.0,8.0,1.0,0.8,0.9,0.7,0.7,0.7,1.0,1.0,0.91,13.0,2.6,1.0,0.2,7.0,5.0,12.0,6.0,5.0,11.0,0.0,0.0,0.0,1.0,0.0,1.0,18.0,11.0,29.0,2.0,2.0,4.0,2.6,2.2,2.4,0.3,0.4,0.3,6.0,5.0,11.0,1.0,0.0,1.0,4.0,4.0,8.0,1.0,1.0,2.0,0.32,0.68,0.28,0.72,0.2,0.2,0.16,0.84,0.29,0.71,0.26,0.74
0,212234,1 N,-3.5,Combo Double chance : Maritimo or draws  and -3.5 goals,-1.5,-1.5,0.45,0.45,0.1,0.2,0.13,0.47,2.0,0.4,8.0,1.6,6.0,6.0,12.0,1.0,1.0,2.0,3.0,2.0,5.0,2.0,3.0,5.0,8.0,4.0,12.0,10.0,11.0,21.0,1.3,0.7,1.0,1.7,1.8,1.8,0.13,0.27,0.47,4.0,0.8,8.0,1.6,7.0,5.0,12.0,2.0,1.0,3.0,2.0,2.0,4.0,3.0,2.0,5.0,6.0,2.0,8.0,7.0,5.0,12.0,0.9,0.4,0.7,1.0,1.0,1.0,2.0,1.0,3.0,1.0,1.0,2.0,0.0,0.0,0.0,1.0,0.0,1.0,0.6,0.4,0.33,0.67,0.5,0.5,0.59,0.41,1.0,0.0,1.0,0.0
0,212227,1 N,,Double chance : Famalicao or draws,-2.5,-2.5,0.35,0.35,0.3,0.33,0.47,0.35,8.0,1.6,11.0,2.2,5.0,7.0,12.0,4.0,3.0,7.0,1.0,2.0,3.0,0.0,2.0,2.0,13.0,11.0,24.0,7.0,11.0,18.0,2.6,1.6,2.0,1.4,1.6,1.5,0.4,0.12,0.82,2.0,0.4,3.0,0.6,6.0,6.0,12.0,1.0,3.0,4.0,1.0,2.0,3.0,4.0,1.0,5.0,3.0,8.0,11.0,7.0,5.0,12.0,0.5,1.3,0.9,1.2,0.8,1.0,1.0,0.0,1.0,0.0,0.0,0.0,0.0,1.0,1.0,0.0,0.0,0.0,0.45,0.55,0.8,0.2,0.21,0.21,0.45,0.55,0.0,0.0,0.0,0.0
0,212229,N 2,,Double chance :  draws or SC Braga,-1.5,-2.5,0.0,0.5,0.5,0.0,0.28,0.44,5.0,1.0,10.0,2.0,5.0,7.0,12.0,1.0,0.0,1.0,0.0,0.0,0.0,4.0,7.0,11.0,6.0,8.0,14.0,8.0,21.0,29.0,1.2,1.1,1.2,1.6,3.0,2.4,0.67,0.44,0.78,8.0,1.6,4.0,0.8,6.0,6.0,12.0,3.0,2.0,5.0,2.0,1.0,3.0,1.0,3.0,4.0,11.0,5.0,16.0,9.0,6.0,15.0,1.8,0.8,1.3,1.5,1.0,1.3,4.0,2.0,6.0,1.0,0.0,1.0,2.0,3.0,5.0,0.0,0.0,0.0,0.0,1.0,0.38,0.62,0.29,0.29,0.39,0.61,0.0,1.0,0.15,0.85
0,212228,1 N,-3.5,Combo Double chance : Pacos Ferreira or draws  and -3.5 goals,-1.5,-1.5,0.35,0.35,0.3,0.27,0.12,0.71,2.0,0.4,5.0,1.0,6.0,6.0,12.0,2.0,0.0,2.0,1.0,1.0,2.0,3.0,5.0,8.0,4.0,3.0,7.0,5.0,14.0,19.0,0.7,0.5,0.6,0.8,2.3,1.6,0.4,0.18,0.82,3.0,0.6,3.0,0.6,7.0,5.0,12.0,2.0,0.0,2.0,5.0,2.0,7.0,0.0,3.0,3.0,3.0,1.0,4.0,1.0,7.0,8.0,0.4,0.2,0.3,0.1,1.4,0.7,9.0,8.0,17.0,7.0,1.0,8.0,4.0,1.0,5.0,1.0,3.0,4.0,0.4,0.6,0.4,0.6,0.38,0.38,0.8,0.2,0.71,0.29,0.7,0.3
0,212231,1 N,,Double chance : Guimaraes or draws,-2.5,-1.5,0.45,0.45,0.1,0.33,0.47,0.59,8.0,1.6,7.0,1.4,6.0,6.0,12.0,3.0,1.0,4.0,2.0,3.0,5.0,1.0,2.0,3.0,13.0,7.0,20.0,5.0,10.0,15.0,2.2,1.2,1.7,0.8,1.7,1.3,0.4,0.29,0.53,5.0,1.0,8.0,1.6,6.0,6.0,12.0,1.0,1.0,2.0,2.0,3.0,5.0,3.0,2.0,5.0,6.0,4.0,10.0,9.0,8.0,17.0,1.0,0.7,0.8,1.5,1.3,1.4,4.0,3.0,7.0,3.0,0.0,3.0,3.0,0.0,3.0,1.0,0.0,1.0,0.45,0.55,0.62,0.38,0.53,0.53,0.79,0.21,0.29,0.71,0.47,0.53
0,212235,1 N,,Double chance : Sporting CP or draws,-3.5,-2.5,0.45,0.45,0.1,0.6,0.47,0.65,8.0,1.6,6.0,1.2,5.0,7.0,12.0,3.0,3.0,6.0,0.0,2.0,2.0,2.0,2.0,4.0,10.0,9.0,19.0,7.0,8.0,15.0,2.0,1.3,1.6,1.4,1.1,1.3,0.47,0.53,0.53,9.0,1.8,8.0,1.6,6.0,6.0,12.0,3.0,0.0,3.0,2.0,3.0,5.0,1.0,3.0,4.0,10.0,6.0,16.0,6.0,11.0,17.0,1.7,1.0,1.3,1.0,1.8,1.4,7.0,6.0,13.0,6.0,4.0,10.0,0.0,0.0,0.0,1.0,2.0,3.0,0.56,0.44,0.47,0.53,0.57,0.57,0.65,0.35,0.93,0.07,0.67,0.33
0,212230,N 2,,Double chance :  draws or FC Porto,-1.5,-2.5,0.0,0.5,0.5,0.6,0.36,0.36,5.0,1.0,9.0,1.8,5.0,7.0,12.0,2.0,2.0,4.0,0.0,2.0,2.0,3.0,3.0,6.0,4.0,5.0,9.0,7.0,11.0,18.0,0.8,0.7,0.8,1.4,1.6,1.5,0.87,0.57,0.93,8.0,1.6,1.0,0.2,6.0,6.0,12.0,6.0,4.0,10.0,0.0,1.0,1.0,0.0,1.0,1.0,15.0,9.0,24.0,0.0,5.0,5.0,2.5,1.5,2.0,0.0,0.8,0.4,7.0,7.0,14.0,1.0,0.0,1.0,7.0,2.0,9.0,4.0,0.0,4.0,0.41,0.59,0.38,0.62,0.1,0.1,0.18,0.82,0.2,0.8,0.29,0.71
0,212232,1 N,,Double chance : Rio Ave or draws,-2.5,-2.5,0.35,0.35,0.3,0.33,0.18,0.55,2.0,0.4,5.0,1.0,6.0,6.0,12.0,2.0,2.0,4.0,2.0,1.0,3.0,2.0,3.0,5.0,10.0,5.0,15.0,8.0,7.0,15.0,1.7,0.8,1.3,1.3,1.2,1.3,0.67,0.82,0.55,9.0,1.8,5.0,1.0,7.0,5.0,12.0,3.0,1.0,4.0,4.0,0.0,4.0,0.0,4.0,4.0,9.0,3.0,12.0,4.0,9.0,13.0,1.3,0.6,1.0,0.6,1.8,1.1,6.0,4.0,10.0,3.0,2.0,5.0,0.0,2.0,2.0,1.0,2.0,3.0,0.33,0.67,0.18,0.82,0.5,0.5,0.73,0.27,0.62,0.38,0.57,0.43
0,212239,N 2,,Double chance :  draws or Rio Ave,-1.5,-1.5,0.1,0.45,0.45,0.33,0.36,0.18,4.0,0.8,9.0,1.8,6.0,7.0,13.0,1.0,1.0,2.0,2.0,3.0,5.0,3.0,3.0,6.0,6.0,4.0,10.0,9.0,10.0,19.0,1.0,0.6,0.8,1.5,1.4,1.5,0.47,0.27,0.55,3.0,0.6,5.0,1.0,7.0,6.0,13.0,3.0,2.0,5.0,2.0,1.0,3.0,2.0,3.0,5.0,11.0,5.0,16.0,8.0,7.0,15.0,1.6,0.8,1.2,1.1,1.2,1.2,5.0,3.0,8.0,2.0,0.0,2.0,3.0,1.0,4.0,2.0,0.0,2.0,0.42,0.58,0.57,0.43,0.36,0.36,0.4,0.6,0.29,0.71,0.46,0.54
0,212244,N 2,,Double chance :  draws or Boavista,-1.5,-2.5,0.1,0.45,0.45,0.2,0.36,0.09,4.0,0.8,10.0,2.0,7.0,6.0,13.0,1.0,1.0,2.0,4.0,2.0,6.0,2.0,3.0,5.0,10.0,4.0,14.0,12.0,11.0,23.0,1.4,0.7,1.1,1.7,1.8,1.8,0.4,0.45,0.36,5.0,1.0,7.0,1.4,7.0,6.0,13.0,2.0,2.0,4.0,3.0,3.0,6.0,2.0,1.0,3.0,7.0,5.0,12.0,8.0,4.0,12.0,1.0,0.8,0.9,1.1,0.7,0.9,6.0,5.0,11.0,3.0,3.0,6.0,2.0,2.0,4.0,1.0,0.0,1.0,0.33,0.67,0.44,0.56,0.41,0.41,0.32,0.68,0.4,0.6,0.33,0.67
0,212240,1,,Winner : Benfica,-4.5,-2.5,0.5,0.5,0.0,1.0,1.0,0.71,16.0,3.2,2.0,0.4,7.0,6.0,13.0,6.0,6.0,12.0,0.0,0.0,0.0,1.0,0.0,1.0,18.0,15.0,33.0,2.0,3.0,5.0,2.6,2.5,2.5,0.3,0.5,0.4,0.33,1.0,0.0,10.0,2.0,11.0,2.2,6.0,7.0,13.0,4.0,3.0,7.0,1.0,2.0,3.0,1.0,2.0,3.0,15.0,11.0,26.0,10.0,11.0,21.0,2.5,1.6,2.0,1.7,1.6,1.6,2.0,1.0,3.0,2.0,0.0,2.0,0.0,0.0,0.0,0.0,1.0,1.0,0.75,0.25,0.62,0.38,0.85,0.85,0.86,0.14,0.0,0.0,0.0,0.0
0,212242,1 N,,Double chance : Vitoria Setubal or draws,-2.5,-1.5,0.45,0.45,0.1,0.53,0.6,0.5,6.0,1.2,5.0,1.0,7.0,6.0,13.0,2.0,1.0,3.0,5.0,2.0,7.0,0.0,3.0,3.0,3.0,4.0,7.0,1.0,9.0,10.0,0.4,0.7,0.5,0.1,1.5,0.8,0.2,0.6,0.1,6.0,1.2,9.0,1.8,6.0,7.0,13.0,2.0,0.0,2.0,0.0,0.0,0.0,4.0,7.0,11.0,7.0,8.0,15.0,8.0,21.0,29.0,1.2,1.1,1.2,1.3,3.0,2.2,3.0,2.0,5.0,2.0,1.0,3.0,1.0,1.0,2.0,0.0,0.0,0.0,0.73,0.27,0.5,0.5,0.64,0.64,0.84,0.16,0.5,0.5,0.64,0.36
0,212243,1 N,,Double chance : Moreirense or draws,-2.5,-1.5,0.45,0.45,0.1,0.4,0.89,0.11,8.0,1.6,8.0,1.6,6.0,7.0,13.0,3.0,0.0,3.0,2.0,3.0,5.0,1.0,4.0,5.0,10.0,6.0,16.0,6.0,12.0,18.0,1.7,0.9,1.2,1.0,1.7,1.4,0.47,0.33,0.11,3.0,0.6,8.0,1.6,6.0,7.0,13.0,2.0,2.0,4.0,1.0,2.0,3.0,3.0,3.0,6.0,5.0,5.0,10.0,8.0,11.0,19.0,0.8,0.7,0.8,1.3,1.6,1.5,6.0,5.0,11.0,3.0,1.0,4.0,3.0,2.0,5.0,1.0,1.0,2.0,0.46,0.54,0.73,0.27,0.5,0.5,0.72,0.28,0.62,0.38,0.45,0.55
0,212236,N 2,,Double chance :  draws or Guimaraes,-2.5,-2.5,0.1,0.45,0.45,0.6,0.73,0.55,8.0,1.6,5.0,1.0,7.0,6.0,13.0,3.0,1.0,4.0,4.0,0.0,4.0,0.0,5.0,5.0,9.0,3.0,12.0,4.0,10.0,14.0,1.3,0.5,0.9,0.6,1.7,1.1,0.53,0.82,0.64,9.0,1.8,4.0,0.8,7.0,6.0,13.0,4.0,1.0,5.0,2.0,3.0,5.0,1.0,2.0,3.0,15.0,7.0,22.0,5.0,10.0,15.0,2.1,1.2,1.7,0.7,1.7,1.2,5.0,4.0,9.0,2.0,0.0,2.0,1.0,1.0,2.0,2.0,3.0,5.0,0.53,0.47,0.47,0.53,0.44,0.44,0.69,0.31,0.38,0.62,0.38,0.62
0,212241,1,,Winner : SC Braga,-3.5,-1.5,0.5,0.5,0.0,0.47,0.46,0.62,6.0,1.2,5.0,1.0,6.0,7.0,13.0,3.0,2.0,5.0,2.0,1.0,3.0,1.0,4.0,5.0,11.0,5.0,16.0,9.0,7.0,16.0,1.8,0.7,1.2,1.5,1.0,1.2,0.2,0.31,0.38,4.0,0.8,8.0,1.6,7.0,6.0,13.0,2.0,0.0,2.0,1.0,1.0,2.0,4.0,5.0,9.0,6.0,3.0,9.0,8.0,14.0,22.0,0.9,0.5,0.7,1.1,2.3,1.7,9.0,9.0,18.0,4.0,3.0,7.0,3.0,3.0,6.0,2.0,3.0,5.0,0.7,0.3,0.6,0.4,0.62,0.62,0.8,0.2,0.6,0.4,0.71,0.29
0,212237,N 2,,Double chance :  draws or Sporting CP,-1.5,-2.5,0.1,0.45,0.45,0.2,0.46,0.38,6.0,1.2,8.0,1.6,7.0,6.0,13.0,2.0,1.0,3.0,2.0,3.0,5.0,3.0,2.0,5.0,6.0,4.0,10.0,7.0,7.0,14.0,0.9,0.7,0.8,1.0,1.2,1.1,0.6,0.46,0.62,6.0,1.2,5.0,1.0,6.0,7.0,13.0,4.0,3.0,7.0,0.0,2.0,2.0,2.0,2.0,4.0,11.0,9.0,20.0,7.0,8.0,15.0,1.8,1.3,1.5,1.2,1.1,1.2,2.0,1.0,3.0,0.0,0.0,0.0,1.0,2.0,3.0,0.0,0.0,0.0,0.25,0.75,0.5,0.5,0.38,0.38,0.35,0.65,0.0,1.0,0.25,0.75
0,212238,1 N,-3.5,Combo Double chance : FC Porto or draws  and -3.5 goals,-2.5,-1.5,0.5,0.5,0.0,0.73,0.46,0.85,6.0,1.2,2.0,0.4,6.0,7.0,13.0,6.0,4.0,10.0,0.0,2.0,2.0,0.0,1.0,1.0,15.0,10.0,25.0,0.0,6.0,6.0,2.5,1.4,1.9,0.0,0.9,0.5,0.4,0.31,0.62,4.0,0.8,5.0,1.0,6.0,7.0,13.0,1.0,4.0,5.0,1.0,2.0,3.0,4.0,1.0,5.0,3.0,11.0,14.0,7.0,7.0,14.0,0.5,1.6,1.1,1.2,1.0,1.1,5.0,4.0,9.0,4.0,3.0,7.0,0.0,1.0,1.0,0.0,1.0,1.0,0.65,0.35,0.6,0.4,0.71,0.71,1.0,0.0,1.0,0.0,1.0,0.0
0,212247,1 N,,Double chance : Aves or draws,-1.5,-1.5,0.45,0.45,0.1,0.2,0.27,0.53,4.0,0.8,7.0,1.4,6.0,8.0,14.0,2.0,0.0,2.0,0.0,0.0,0.0,4.0,8.0,12.0,7.0,8.0,15.0,8.0,22.0,30.0,1.2,1.0,1.1,1.3,2.8,2.1,0.13,0.33,0.27,5.0,1.0,11.0,2.2,8.0,6.0,14.0,2.0,1.0,3.0,2.0,3.0,5.0,4.0,2.0,6.0,6.0,4.0,10.0,11.0,7.0,18.0,0.8,0.7,0.7,1.4,1.2,1.3,3.0,2.0,5.0,1.0,1.0,2.0,0.0,2.0,2.0,0.0,1.0,1.0,0.6,0.4,0.44,0.56,0.61,0.61,0.52,0.48,0.64,0.36,0.67,0.33
0,212249,N 2,,Double chance :  draws or Portimonense,-1.5,-1.5,0.1,0.45,0.45,0.2,0.2,0.47,3.0,0.6,8.0,1.6,7.0,7.0,14.0,2.0,2.0,4.0,3.0,3.0,6.0,2.0,2.0,4.0,7.0,5.0,12.0,8.0,5.0,13.0,1.0,0.7,0.9,1.1,0.7,0.9,0.4,0.33,0.6,5.0,1.0,6.0,1.2,7.0,7.0,14.0,1.0,1.0,2.0,3.0,3.0,6.0,3.0,3.0,6.0,7.0,4.0,11.0,10.0,10.0,20.0,1.0,0.6,0.8,1.4,1.4,1.4,3.0,2.0,5.0,1.0,1.0,2.0,1.0,1.0,2.0,1.0,0.0,1.0,0.33,0.67,0.38,0.63,0.43,0.43,0.61,0.39,0.5,0.5,0.56,0.44
0,212248,N 2,-3.5,Combo Double chance :  draws or SC Braga and -3.5 goals,-1.5,-2.5,0.1,0.45,0.45,0.47,0.36,0.55,4.0,0.8,5.0,1.0,6.0,8.0,14.0,2.0,2.0,4.0,1.0,2.0,3.0,3.0,4.0,7.0,5.0,6.0,11.0,8.0,13.0,21.0,0.8,0.8,0.8,1.3,1.6,1.5,0.47,0.55,0.64,6.0,1.2,4.0,0.8,7.0,7.0,14.0,3.0,2.0,5.0,2.0,1.0,3.0,2.0,4.0,6.0,11.0,5.0,16.0,10.0,7.0,17.0,1.6,0.7,1.1,1.4,1.0,1.2,7.0,6.0,13.0,2.0,1.0,3.0,4.0,5.0,9.0,0.0,1.0,1.0,0.5,0.5,0.4,0.6,0.44,0.44,0.38,0.62,0.2,0.8,0.23,0.77
0,212251,2,,Winner : Benfica,-1.5,-3.5,0.0,0.5,0.5,0.4,0.33,0.67,6.0,1.2,6.0,1.2,7.0,7.0,14.0,4.0,1.0,5.0,2.0,4.0,6.0,1.0,2.0,3.0,15.0,9.0,24.0,5.0,12.0,17.0,2.1,1.3,1.7,0.7,1.7,1.2,1.0,0.89,0.89,16.0,3.2,2.0,0.4,8.0,6.0,14.0,7.0,6.0,13.0,0.0,0.0,0.0,1.0,0.0,1.0,22.0,15.0,37.0,2.0,3.0,5.0,2.8,2.5,2.6,0.3,0.5,0.4,11.0,12.0,23.0,2.0,0.0,2.0,11.0,8.0,19.0,1.0,1.0,2.0,0.29,0.71,0.27,0.73,0.25,0.25,0.31,0.69,0.07,0.93,0.22,0.78
0,212246,N 2,,Double chance :  draws or Moreirense,-1.5,-2.5,0.1,0.45,0.45,0.4,0.27,0.6,4.0,0.8,6.0,1.2,7.0,7.0,14.0,2.0,1.0,3.0,1.0,1.0,2.0,4.0,5.0,9.0,6.0,4.0,10.0,8.0,14.0,22.0,0.9,0.6,0.7,1.1,2.0,1.6,0.53,0.6,0.47,9.0,1.8,8.0,1.6,7.0,7.0,14.0,4.0,0.0,4.0,2.0,3.0,5.0,1.0,4.0,5.0,12.0,6.0,18.0,7.0,12.0,19.0,1.7,0.9,1.3,1.0,1.7,1.4,6.0,5.0,11.0,2.0,1.0,3.0,3.0,1.0,4.0,3.0,1.0,4.0,0.43,0.57,0.31,0.69,0.57,0.57,0.53,0.47,0.38,0.62,0.36,0.64
0,212250,N 2,,Double chance :  draws or GIL Vicente,-1.5,-2.5,0.1,0.45,0.45,0.4,0.27,0.53,4.0,0.8,7.0,1.4,6.0,8.0,14.0,1.0,4.0,5.0,1.0,2.0,3.0,4.0,2.0,6.0,3.0,11.0,14.0,7.0,10.0,17.0,0.5,1.4,1.0,1.2,1.3,1.2,0.67,0.6,0.67,9.0,1.8,5.0,1.0,8.0,6.0,14.0,3.0,1.0,4.0,5.0,0.0,5.0,0.0,5.0,5.0,11.0,3.0,14.0,6.0,10.0,16.0,1.4,0.5,1.0,0.8,1.7,1.1,1.0,0.0,1.0,0.0,0.0,0.0,0.0,0.0,0.0,1.0,0.0,1.0,0.38,0.63,0.31,0.69,0.42,0.42,0.52,0.48,0.0,0.0,0.0,0.0
0,212252,1 N,,Double chance : Rio Ave or draws,-2.5,-1.5,0.45,0.45,0.1,0.47,0.2,0.67,3.0,0.6,5.0,1.0,7.0,7.0,14.0,3.0,2.0,5.0,2.0,2.0,4.0,2.0,3.0,5.0,11.0,6.0,17.0,8.0,8.0,16.0,1.6,0.9,1.2,1.1,1.1,1.1,0.33,0.27,0.4,4.0,0.8,9.0,1.8,8.0,6.0,14.0,2.0,1.0,3.0,4.0,2.0,6.0,2.0,3.0,5.0,11.0,4.0,15.0,12.0,11.0,23.0,1.4,0.7,1.1,1.5,1.8,1.6,10.0,9.0,19.0,3.0,3.0,6.0,5.0,3.0,8.0,4.0,1.0,5.0,0.58,0.42,0.43,0.57,0.64,0.64,0.74,0.26,0.71,0.29,0.8,0.2
0,212253,N 2,,Double chance :  draws or FC Porto,-2.5,-2.5,0.1,0.45,0.45,0.6,0.62,0.69,8.0,1.6,4.0,0.8,6.0,8.0,14.0,4.0,4.0,8.0,0.0,2.0,2.0,2.0,2.0,4.0,11.0,13.0,24.0,7.0,8.0,15.0,1.8,1.6,1.7,1.2,1.0,1.1,0.87,0.62,0.92,8.0,1.6,1.0,0.2,7.0,7.0,14.0,7.0,4.0,11.0,0.0,2.0,2.0,0.0,1.0,1.0,18.0,10.0,28.0,0.0,6.0,6.0,2.6,1.4,2.0,0.0,0.9,0.4,12.0,10.0,22.0,4.0,1.0,5.0,9.0,1.0,10.0,7.0,0.0,7.0,0.41,0.59,0.5,0.5,0.2,0.2,0.42,0.58,0.38,0.62,0.45,0.55
0,212245,N 2,,Double chance :  draws or Vitoria Setubal,-3.5,-2.5,0.1,0.45,0.45,0.13,1.0,0.0,8.0,1.6,14.0,2.8,6.0,8.0,14.0,4.0,3.0,7.0,1.0,2.0,3.0,1.0,3.0,4.0,15.0,11.0,26.0,10.0,15.0,25.0,2.5,1.4,1.9,1.7,1.9,1.8,0.67,0.75,0.5,6.0,1.2,4.0,0.8,8.0,6.0,14.0,3.0,1.0,4.0,5.0,2.0,7.0,0.0,3.0,3.0,4.0,4.0,8.0,1.0,9.0,10.0,0.5,0.7,0.6,0.1,1.5,0.7,1.0,0.0,1.0,1.0,0.0,1.0,0.0,0.0,0.0,0.0,0.0,0.0,0.17,0.83,0.57,0.43,0.22,0.22,0.72,0.28,0.0,0.0,0.0,0.0
0,212256,N 2,,Double chance :  draws or Rio Ave,-1.5,-1.5,0.1,0.45,0.45,0.27,0.5,0.0,5.0,1.0,10.0,2.0,8.0,7.0,15.0,2.0,2.0,4.0,2.0,3.0,5.0,4.0,2.0,6.0,6.0,5.0,11.0,11.0,7.0,18.0,0.8,0.7,0.7,1.4,1.0,1.2,0.47,0.3,0.6,3.0,0.6,4.0,0.8,8.0,7.0,15.0,3.0,2.0,5.0,2.0,2.0,4.0,3.0,3.0,6.0,11.0,6.0,17.0,9.0,8.0,17.0,1.4,0.9,1.1,1.1,1.1,1.1,3.0,1.0,4.0,0.0,1.0,1.0,0.0,2.0,2.0,1.0,0.0,1.0,0.36,0.64,0.63,0.38,0.29,0.29,0.35,0.65,0.5,0.5,0.44,0.56
0,212261,1,,Winner : Benfica,-5.5,-1.5,0.5,0.5,0.0,1.0,1.0,0.8,15.0,3.0,2.0,0.4,8.0,7.0,15.0,7.0,7.0,14.0,0.0,0.0,0.0,1.0,0.0,1.0,22.0,16.0,38.0,2.0,3.0,5.0,2.8,2.3,2.5,0.3,0.4,0.3,0.2,0.4,0.3,4.0,0.8,7.0,1.4,7.0,8.0,15.0,2.0,0.0,2.0,0.0,0.0,0.0,5.0,8.0,13.0,7.0,8.0,15.0,9.0,22.0,31.0,1.0,1.0,1.0,1.3,2.8,2.1,3.0,2.0,5.0,3.0,2.0,5.0,0.0,0.0,0.0,0.0,0.0,0.0,0.83,0.17,0.79,0.21,0.78,0.78,0.96,0.04,1.0,0.0,0.91,0.09
0,212257,N 2,,Double chance :  draws or FC Porto,-2.5,-2.5,0.1,0.45,0.45,0.47,0.73,0.27,8.0,1.6,8.0,1.6,7.0,8.0,15.0,4.0,0.0,4.0,2.0,3.0,5.0,1.0,5.0,6.0,12.0,6.0,18.0,7.0,13.0,20.0,1.7,0.8,1.2,1.0,1.6,1.3,0.87,0.82,0.82,9.0,1.8,2.0,0.4,7.0,8.0,15.0,7.0,5.0,12.0,0.0,2.0,2.0,0.0,1.0,1.0,18.0,12.0,30.0,0.0,7.0,7.0,2.6,1.5,2.0,0.0,0.9,0.5,8.0,7.0,15.0,1.0,0.0,1.0,7.0,4.0,11.0,3.0,0.0,3.0,0.35,0.65,0.47,0.53,0.2,0.2,0.43,0.57,0.15,0.85,0.33,0.67
0,212260,1 N,,Double chance : Portimonense or draws,-2.5,-1.5,0.35,0.35,0.3,0.4,0.31,0.63,5.0,1.0,6.0,1.2,7.0,8.0,15.0,1.0,1.0,2.0,3.0,4.0,7.0,3.0,3.0,6.0,7.0,5.0,12.0,10.0,11.0,21.0,1.0,0.6,0.8,1.4,1.4,1.4,0.6,0.31,0.69,5.0,1.0,5.0,1.0,8.0,7.0,15.0,3.0,1.0,4.0,1.0,1.0,2.0,4.0,5.0,9.0,7.0,4.0,11.0,8.0,14.0,22.0,0.9,0.6,0.7,1.0,2.0,1.5,3.0,2.0,5.0,1.0,0.0,1.0,0.0,1.0,1.0,1.0,2.0,3.0,0.4,0.6,0.5,0.5,0.45,0.45,0.65,0.35,0.5,0.5,0.55,0.45
0,212259,1 N,,Double chance : Boavista or draws,-2.5,-2.5,0.35,0.35,0.3,0.27,0.31,0.38,4.0,0.8,8.0,1.6,8.0,7.0,15.0,2.0,2.0,4.0,4.0,3.0,7.0,2.0,2.0,4.0,8.0,5.0,13.0,9.0,5.0,14.0,1.0,0.7,0.9,1.1,0.7,0.9,0.27,0.69,0.08,9.0,1.8,12.0,2.4,7.0,8.0,15.0,5.0,3.0,8.0,1.0,2.0,3.0,1.0,3.0,4.0,18.0,11.0,29.0,10.0,15.0,25.0,2.6,1.4,1.9,1.4,1.9,1.7,1.0,0.0,1.0,0.0,0.0,0.0,0.0,1.0,1.0,0.0,0.0,0.0,0.5,0.5,0.31,0.69,0.6,0.6,0.48,0.52,0.0,0.0,0.0,0.0
0,212258,N 2,-3.5,Combo Double chance :  draws or Sporting CP and -3.5 goals,-1.5,-1.5,0.1,0.45,0.45,0.47,0.45,0.36,5.0,1.0,7.0,1.4,8.0,7.0,15.0,3.0,1.0,4.0,5.0,2.0,7.0,0.0,4.0,4.0,4.0,4.0,8.0,1.0,12.0,13.0,0.5,0.6,0.5,0.1,1.7,0.9,0.6,0.82,0.55,9.0,1.8,5.0,1.0,7.0,8.0,15.0,4.0,4.0,8.0,0.0,2.0,2.0,3.0,2.0,5.0,12.0,13.0,25.0,9.0,8.0,17.0,1.7,1.6,1.7,1.3,1.0,1.1,11.0,9.0,20.0,2.0,1.0,3.0,8.0,6.0,14.0,3.0,0.0,3.0,0.44,0.56,0.36,0.64,0.42,0.42,0.65,0.35,0.15,0.85,0.27,0.73
0,212254,1 N,,Double chance : GIL Vicente or draws,-2.5,-1.5,0.45,0.45,0.1,0.53,0.67,0.5,8.0,1.6,6.0,1.2,8.0,7.0,15.0,3.0,1.0,4.0,5.0,1.0,6.0,0.0,5.0,5.0,11.0,4.0,15.0,6.0,11.0,17.0,1.4,0.6,1.0,0.8,1.6,1.1,0.27,0.33,0.0,4.0,0.8,12.0,2.4,7.0,8.0,15.0,2.0,2.0,4.0,1.0,2.0,3.0,4.0,4.0,8.0,6.0,6.0,12.0,15.0,13.0,28.0,0.9,0.8,0.8,2.1,1.6,1.9,3.0,2.0,5.0,1.0,0.0,1.0,1.0,2.0,3.0,0.0,1.0,1.0,0.67,0.33,0.67,0.33,0.67,0.67,0.76,0.24,0.09,0.91,0.0,1.0
0,212262,N 2,,Double chance :  draws or Guimaraes,-2.5,-2.5,0.1,0.45,0.45,0.53,0.38,0.46,5.0,1.0,7.0,1.4,8.0,7.0,15.0,2.0,2.0,4.0,4.0,2.0,6.0,2.0,3.0,5.0,11.0,5.0,16.0,12.0,11.0,23.0,1.4,0.7,1.1,1.5,1.6,1.5,0.33,0.38,0.54,5.0,1.0,6.0,1.2,8.0,7.0,15.0,4.0,1.0,5.0,2.0,4.0,6.0,2.0,2.0,4.0,15.0,9.0,24.0,6.0,12.0,18.0,1.9,1.3,1.6,0.8,1.7,1.2,10.0,9.0,19.0,7.0,1.0,8.0,6.0,2.0,8.0,1.0,2.0,3.0,0.62,0.38,0.5,0.5,0.46,0.46,0.49,0.51,0.29,0.71,0.38,0.62
0,212255,1 N,,Double chance : SC Braga or draws,-2.5,-2.5,0.45,0.45,0.1,0.6,1.0,0.57,11.0,2.2,3.0,0.6,7.0,8.0,15.0,3.0,3.0,6.0,2.0,1.0,3.0,2.0,4.0,6.0,11.0,12.0,23.0,10.0,8.0,18.0,1.6,1.5,1.5,1.4,1.0,1.2,0.27,0.57,0.0,4.0,0.8,8.0,1.6,7.0,8.0,15.0,1.0,4.0,5.0,2.0,2.0,4.0,4.0,2.0,6.0,4.0,11.0,15.0,8.0,10.0,18.0,0.6,1.4,1.0,1.1,1.3,1.2,5.0,4.0,9.0,5.0,3.0,8.0,1.0,0.0,1.0,0.0,0.0,0.0,0.69,0.31,0.73,0.27,0.73,0.73,0.44,0.56,0.8,0.2,0.7,0.3
0,212269,1 N,,Double chance : FC Porto or draws,-3.5,-3.5,0.45,0.45,0.1,0.87,1.0,0.6,12.0,2.4,4.0,0.8,7.0,9.0,16.0,7.0,6.0,13.0,0.0,2.0,2.0,0.0,1.0,1.0,18.0,16.0,34.0,0.0,9.0,9.0,2.6,1.8,2.1,0.0,1.0,0.6,0.6,1.0,0.6,11.0,2.2,4.0,0.8,8.0,8.0,16.0,4.0,3.0,7.0,2.0,1.0,3.0,2.0,4.0,6.0,13.0,12.0,25.0,11.0,8.0,19.0,1.6,1.5,1.6,1.4,1.0,1.2,11.0,11.0,22.0,9.0,7.0,16.0,2.0,1.0,3.0,1.0,2.0,3.0,0.59,0.41,0.52,0.48,0.5,0.5,1.0,0.0,0.93,0.07,0.73,0.27
0,212267,N 2,,Double chance :  draws or Benfica,-2.5,-3.5,0.0,0.5,0.5,0.6,0.83,0.5,10.0,2.0,6.0,1.2,7.0,9.0,16.0,4.0,5.0,9.0,0.0,2.0,2.0,3.0,2.0,5.0,12.0,16.0,28.0,9.0,9.0,18.0,1.7,1.8,1.8,1.3,1.0,1.1,1.0,1.0,0.83,15.0,3.0,2.0,0.4,9.0,7.0,16.0,8.0,7.0,15.0,0.0,0.0,0.0,1.0,0.0,1.0,24.0,16.0,40.0,3.0,3.0,6.0,2.7,2.3,2.5,0.3,0.4,0.4,11.0,11.0,22.0,2.0,1.0,3.0,7.0,5.0,12.0,4.0,3.0,7.0,0.38,0.63,0.4,0.6,0.25,0.25,0.16,0.84,0.29,0.71,0.29,0.71
0,212264,1 N,-3.5,Combo Double chance : Aves or draws  and -3.5 goals,-1.5,-1.5,0.45,0.45,0.1,0.2,0.4,0.3,4.0,0.8,7.0,1.4,7.0,9.0,16.0,2.0,0.0,2.0,0.0,0.0,0.0,5.0,9.0,14.0,7.0,9.0,16.0,9.0,24.0,33.0,1.0,1.0,1.0,1.3,2.7,2.1,0.4,0.4,0.5,4.0,0.8,5.0,1.0,8.0,8.0,16.0,1.0,1.0,2.0,4.0,4.0,8.0,3.0,3.0,6.0,7.0,5.0,12.0,10.0,11.0,21.0,0.9,0.6,0.8,1.3,1.4,1.3,4.0,3.0,7.0,4.0,0.0,4.0,1.0,0.0,1.0,0.0,2.0,2.0,0.33,0.67,0.5,0.5,0.42,0.42,0.57,0.43,0.62,0.38,0.67,0.33
0,212270,1 N,,Double chance : Guimaraes or draws,-2.5,-1.5,0.45,0.45,0.1,0.4,0.5,0.6,5.0,1.0,4.0,0.8,8.0,8.0,16.0,4.0,1.0,5.0,2.0,5.0,7.0,2.0,2.0,4.0,15.0,9.0,24.0,6.0,12.0,18.0,1.9,1.1,1.5,0.8,1.5,1.1,0.27,0.4,0.1,4.0,0.8,9.0,1.8,9.0,7.0,16.0,2.0,2.0,4.0,2.0,3.0,5.0,5.0,2.0,7.0,6.0,5.0,11.0,12.0,7.0,19.0,0.7,0.7,0.7,1.3,1.0,1.2,2.0,1.0,3.0,2.0,0.0,2.0,1.0,0.0,1.0,0.0,0.0,0.0,0.6,0.4,0.56,0.44,0.69,0.69,0.73,0.27,0.5,0.5,0.67,0.33
0,212271,N 2,,Double chance :  draws or Moreirense,-1.5,-2.5,0.1,0.45,0.45,0.27,0.42,0.25,5.0,1.0,9.0,1.8,7.0,9.0,16.0,1.0,4.0,5.0,2.0,2.0,4.0,4.0,3.0,7.0,4.0,12.0,16.0,8.0,12.0,20.0,0.6,1.3,1.0,1.1,1.3,1.3,0.4,0.58,0.25,7.0,1.4,9.0,1.8,8.0,8.0,16.0,4.0,0.0,4.0,2.0,3.0,5.0,2.0,5.0,7.0,14.0,6.0,20.0,11.0,13.0,24.0,1.8,0.8,1.3,1.4,1.6,1.5,5.0,4.0,9.0,1.0,2.0,3.0,1.0,2.0,3.0,2.0,1.0,3.0,0.4,0.6,0.42,0.58,0.5,0.5,0.45,0.55,0.5,0.5,0.58,0.42
0,212265,N 2,,Double chance :  draws or Vitoria Setubal,-1.5,-2.5,0.1,0.45,0.45,0.27,0.36,0.0,4.0,0.8,12.0,2.4,7.0,9.0,16.0,2.0,2.0,4.0,1.0,2.0,3.0,4.0,5.0,9.0,6.0,6.0,12.0,15.0,15.0,30.0,0.9,0.7,0.8,2.1,1.7,1.9,0.47,0.55,0.18,6.0,1.2,9.0,1.8,9.0,7.0,16.0,3.0,1.0,4.0,5.0,2.0,7.0,1.0,4.0,5.0,5.0,4.0,9.0,4.0,12.0,16.0,0.6,0.6,0.6,0.4,1.7,1.0,7.0,6.0,13.0,0.0,1.0,1.0,2.0,4.0,6.0,3.0,3.0,6.0,0.36,0.64,0.4,0.6,0.43,0.43,0.48,0.52,0.25,0.75,0.25,0.75
0,212266,N 2,-3.5,Combo Double chance :  draws or GIL Vicente and -3.5 goals,-1.5,-2.5,0.1,0.45,0.45,0.47,0.44,0.44,4.0,0.8,5.0,1.0,8.0,8.0,16.0,3.0,1.0,4.0,1.0,2.0,3.0,4.0,5.0,9.0,7.0,4.0,11.0,8.0,14.0,22.0,0.9,0.5,0.7,1.0,1.8,1.4,0.53,0.89,0.44,8.0,1.6,5.0,1.0,9.0,7.0,16.0,4.0,1.0,5.0,5.0,1.0,6.0,0.0,5.0,5.0,13.0,4.0,17.0,6.0,11.0,17.0,1.4,0.6,1.1,0.7,1.6,1.1,5.0,4.0,9.0,1.0,2.0,3.0,2.0,2.0,4.0,2.0,0.0,2.0,0.47,0.53,0.33,0.67,0.5,0.5,0.65,0.35,0.29,0.71,0.38,0.62
0,212263,1,,Winner : Famalicao,-3.5,-1.5,0.45,0.45,0.1,0.4,1.0,0.0,7.0,1.4,9.0,1.8,7.0,9.0,16.0,5.0,4.0,9.0,1.0,2.0,3.0,1.0,3.0,4.0,18.0,12.0,30.0,10.0,15.0,25.0,2.6,1.3,1.9,1.4,1.7,1.6,0.53,0.57,0.14,4.0,0.8,6.0,1.2,9.0,7.0,16.0,2.0,2.0,4.0,5.0,2.0,7.0,2.0,3.0,5.0,11.0,5.0,16.0,12.0,11.0,23.0,1.2,0.7,1.0,1.3,1.6,1.4,1.0,0.0,1.0,0.0,0.0,0.0,0.0,0.0,0.0,1.0,0.0,1.0,0.43,0.57,0.64,0.36,0.4,0.4,0.75,0.25,0.0,0.0,0.0,0.0
0,212268,1 N,-3.5,Combo Double chance : Rio Ave or draws  and -3.5 goals,-1.5,-1.5,0.45,0.45,0.1,0.47,0.38,0.5,3.0,0.6,4.0,0.8,8.0,8.0,16.0,3.0,3.0,6.0,2.0,2.0,4.0,3.0,3.0,6.0,11.0,7.0,18.0,9.0,8.0,17.0,1.4,0.9,1.1,1.1,1.0,1.1,0.27,0.5,0.0,4.0,0.8,8.0,1.6,9.0,7.0,16.0,2.0,2.0,4.0,4.0,3.0,7.0,3.0,2.0,5.0,8.0,5.0,13.0,10.0,5.0,15.0,0.9,0.7,0.8,1.1,0.7,0.9,6.0,5.0,11.0,5.0,3.0,8.0,1.0,1.0,2.0,0.0,1.0,1.0,0.64,0.36,0.43,0.57,0.67,0.67,0.49,0.51,0.8,0.2,0.7,0.3
0,212275,N 2,,Double chance :  draws or Vitoria Setubal,-1.5,-1.5,0.1,0.45,0.45,0.33,0.86,0.0,6.0,1.2,9.0,1.8,8.0,9.0,17.0,1.0,4.0,5.0,3.0,2.0,5.0,4.0,3.0,7.0,5.0,12.0,17.0,9.0,12.0,21.0,0.6,1.3,1.0,1.1,1.3,1.2,0.6,0.86,0.0,6.0,1.2,8.0,1.6,9.0,8.0,17.0,3.0,2.0,5.0,5.0,2.0,7.0,1.0,4.0,5.0,5.0,5.0,10.0,4.0,12.0,16.0,0.6,0.6,0.6,0.4,1.5,0.9,5.0,5.0,10.0,1.0,1.0,2.0,2.0,3.0,5.0,1.0,2.0,3.0,0.36,0.64,0.5,0.5,0.47,0.47,0.51,0.49,0.25,0.75,0.33,0.67
0,212276,1 N,,Double chance : Famalicao or draws,-2.5,-1.5,0.45,0.45,0.1,0.47,1.0,0.0,7.0,1.4,8.0,1.6,8.0,9.0,17.0,5.0,4.0,9.0,2.0,2.0,4.0,1.0,3.0,4.0,19.0,12.0,31.0,11.0,15.0,26.0,2.4,1.3,1.8,1.4,1.7,1.5,0.27,0.43,0.0,3.0,0.6,8.0,1.6,9.0,8.0,17.0,2.0,2.0,4.0,2.0,3.0,5.0,5.0,3.0,8.0,6.0,5.0,11.0,12.0,8.0,20.0,0.7,0.6,0.6,1.3,1.0,1.2,3.0,3.0,6.0,1.0,1.0,2.0,2.0,2.0,4.0,0.0,0.0,0.0,0.64,0.36,0.7,0.3,0.5,0.5,0.68,0.32,0.4,0.6,0.53,0.47
0,212279,1 N,,Double chance : Belenenses or draws,-1.5,-1.5,0.35,0.35,0.3,0.07,0.43,0.0,3.0,0.6,13.0,2.6,8.0,9.0,17.0,2.0,2.0,4.0,1.0,2.0,3.0,5.0,5.0,10.0,6.0,6.0,12.0,16.0,15.0,31.0,0.8,0.7,0.7,2.0,1.7,1.8,0.2,0.29,0.0,2.0,0.4,7.0,1.4,8.0,9.0,17.0,1.0,1.0,2.0,4.0,4.0,8.0,3.0,4.0,7.0,7.0,5.0,12.0,10.0,14.0,24.0,0.9,0.6,0.7,1.3,1.6,1.4,3.0,3.0,6.0,2.0,0.0,2.0,0.0,0.0,0.0,1.0,3.0,4.0,0.25,0.75,0.6,0.4,0.35,0.35,0.45,0.55,0.64,0.36,0.55,0.45
0,212277,2,,Winner : Benfica,-1.5,-3.5,0.0,0.5,0.5,0.53,0.36,0.73,4.0,0.8,3.0,0.6,9.0,8.0,17.0,3.0,1.0,4.0,2.0,2.0,4.0,4.0,5.0,9.0,7.0,4.0,11.0,8.0,14.0,22.0,0.8,0.5,0.6,0.9,1.8,1.3,1.0,1.0,0.82,13.0,2.6,2.0,0.4,9.0,8.0,17.0,8.0,8.0,16.0,0.0,0.0,0.0,1.0,0.0,1.0,24.0,18.0,42.0,3.0,3.0,6.0,2.7,2.3,2.5,0.3,0.4,0.4,9.0,9.0,18.0,1.0,0.0,1.0,9.0,7.0,16.0,1.0,0.0,1.0,0.35,0.65,0.24,0.76,0.4,0.4,0.1,0.9,0.07,0.93,0.07,0.93
0,212278,1 N,-3.5,Combo Double chance : Aves or draws  and -3.5 goals,-1.5,-1.5,0.45,0.45,0.1,0.4,0.45,0.64,5.0,1.0,4.0,0.8,8.0,9.0,17.0,3.0,0.0,3.0,0.0,0.0,0.0,5.0,9.0,14.0,10.0,9.0,19.0,9.0,24.0,33.0,1.3,1.0,1.1,1.1,2.7,1.9,0.07,0.18,0.18,2.0,0.4,9.0,1.8,9.0,8.0,17.0,2.0,2.0,4.0,4.0,3.0,7.0,3.0,3.0,6.0,8.0,5.0,13.0,10.0,7.0,17.0,0.9,0.6,0.8,1.1,0.9,1.0,3.0,3.0,6.0,2.0,0.0,2.0,3.0,1.0,4.0,0.0,0.0,0.0,0.86,0.14,0.71,0.29,0.69,0.69,0.55,0.45,0.4,0.6,0.6,0.4
0,212280,1 N,-3.5,Combo Double chance : Guimaraes or draws  and -3.5 goals,-2.5,-1.5,0.45,0.45,0.1,0.53,0.5,0.7,5.0,1.0,3.0,0.6,9.0,8.0,17.0,5.0,1.0,6.0,2.0,5.0,7.0,2.0,2.0,4.0,16.0,9.0,25.0,6.0,12.0,18.0,1.8,1.1,1.5,0.7,1.5,1.1,0.67,0.5,0.8,5.0,1.0,2.0,0.4,9.0,8.0,17.0,4.0,3.0,7.0,2.0,2.0,4.0,3.0,3.0,6.0,13.0,7.0,20.0,9.0,8.0,17.0,1.4,0.9,1.2,1.0,1.0,1.0,10.0,10.0,20.0,6.0,6.0,12.0,2.0,2.0,4.0,2.0,2.0,4.0,0.44,0.56,0.5,0.5,0.4,0.4,0.71,0.29,0.71,0.29,0.64,0.36
0,212274,1 N,,Double chance : Sporting CP or draws,-2.5,-1.5,0.45,0.45,0.1,0.6,0.9,0.5,9.0,1.8,5.0,1.0,8.0,9.0,17.0,4.0,5.0,9.0,0.0,2.0,2.0,4.0,2.0,6.0,12.0,16.0,28.0,11.0,9.0,20.0,1.5,1.8,1.6,1.4,1.0,1.2,0.6,0.5,0.7,5.0,1.0,3.0,0.6,9.0,8.0,17.0,2.0,2.0,4.0,5.0,3.0,8.0,2.0,3.0,5.0,11.0,6.0,17.0,12.0,12.0,24.0,1.2,0.8,1.0,1.3,1.5,1.4,10.0,10.0,20.0,8.0,4.0,12.0,2.0,2.0,4.0,0.0,4.0,4.0,0.5,0.5,0.64,0.36,0.38,0.38,0.64,0.36,0.62,0.38,0.75,0.25
0,212272,1,,Winner : FC Porto,-3.5,-1.5,0.45,0.45,0.1,0.67,1.0,0.4,11.0,2.2,6.0,1.2,8.0,9.0,17.0,7.0,6.0,13.0,0.0,2.0,2.0,1.0,1.0,2.0,19.0,16.0,35.0,2.0,9.0,11.0,2.4,1.8,2.1,0.3,1.0,0.6,0.4,0.5,0.6,5.0,1.0,4.0,0.8,9.0,8.0,17.0,4.0,1.0,5.0,5.0,2.0,7.0,0.0,5.0,5.0,13.0,4.0,17.0,6.0,11.0,17.0,1.4,0.5,1.0,0.7,1.4,1.0,5.0,5.0,10.0,5.0,2.0,7.0,2.0,0.0,2.0,0.0,1.0,1.0,0.63,0.38,0.69,0.31,0.4,0.4,0.95,0.05,0.8,0.2,0.75,0.25
0,212273,N 2,,Double chance :  draws or SC Braga,-2.5,-3.5,0.0,0.5,0.5,0.27,0.5,0.2,5.0,1.0,8.0,1.6,8.0,9.0,17.0,4.0,0.0,4.0,2.0,4.0,6.0,2.0,5.0,7.0,14.0,7.0,21.0,11.0,14.0,25.0,1.8,0.8,1.2,1.4,1.6,1.5,0.6,1.0,0.5,11.0,2.2,5.0,1.0,8.0,9.0,17.0,4.0,4.0,8.0,2.0,1.0,3.0,2.0,4.0,6.0,13.0,14.0,27.0,11.0,9.0,20.0,1.6,1.6,1.6,1.4,1.0,1.2,7.0,7.0,14.0,2.0,0.0,2.0,6.0,3.0,9.0,2.0,1.0,3.0,0.31,0.69,0.31,0.69,0.38,0.38,0.4,0.6,0.2,0.8,0.18,0.82
0,212284,1,,Winner : Benfica,-3.5,-1.5,0.5,0.5,0.0,1.0,1.0,0.91,11.0,2.2,1.0,0.2,9.0,9.0,18.0,8.0,9.0,17.0,0.0,0.0,0.0,1.0,0.0,1.0,24.0,20.0,44.0,3.0,3.0,6.0,2.7,2.2,2.4,0.3,0.3,0.3,0.2,0.36,0.0,4.0,0.8,13.0,2.6,9.0,9.0,18.0,3.0,2.0,5.0,1.0,2.0,3.0,5.0,5.0,10.0,8.0,6.0,14.0,17.0,15.0,32.0,0.9,0.7,0.8,1.9,1.7,1.8,7.0,7.0,14.0,5.0,5.0,10.0,1.0,0.0,1.0,2.0,1.0,3.0,0.83,0.17,0.73,0.27,0.93,0.93,0.94,0.06,0.62,0.38,0.67,0.33
0,212281,1 N,,Double chance : Rio Ave or draws,-2.5,-2.5,0.45,0.45,0.1,0.67,0.4,0.8,6.0,1.2,3.0,0.6,9.0,9.0,18.0,4.0,4.0,8.0,2.0,2.0,4.0,3.0,3.0,6.0,13.0,9.0,22.0,9.0,9.0,18.0,1.4,1.0,1.2,1.0,1.0,1.0,0.47,0.33,0.6,5.0,1.0,6.0,1.2,9.0,9.0,18.0,5.0,4.0,9.0,2.0,2.0,4.0,2.0,3.0,5.0,19.0,12.0,31.0,12.0,15.0,27.0,2.1,1.3,1.7,1.3,1.7,1.5,1.0,1.0,2.0,0.0,0.0,0.0,1.0,0.0,1.0,1.0,0.0,1.0,0.59,0.41,0.55,0.45,0.67,0.67,0.59,0.41,0.0,1.0,0.0,1.0
0,212289,1 N,,Double chance : Portimonense or draws,-1.5,-2.5,0.45,0.45,0.1,0.2,0.19,0.56,3.0,0.6,7.0,1.4,8.0,10.0,18.0,1.0,1.0,2.0,4.0,4.0,8.0,3.0,5.0,8.0,7.0,6.0,13.0,10.0,16.0,26.0,0.9,0.6,0.7,1.3,1.6,1.4,0.13,0.19,0.38,3.0,0.6,10.0,2.0,9.0,9.0,18.0,1.0,4.0,5.0,3.0,2.0,5.0,5.0,3.0,8.0,5.0,12.0,17.0,12.0,12.0,24.0,0.6,1.3,0.9,1.3,1.3,1.3,3.0,3.0,6.0,2.0,1.0,3.0,1.0,1.0,2.0,0.0,1.0,1.0,0.6,0.4,0.5,0.5,0.59,0.59,0.36,0.64,0.71,0.29,0.58,0.42
0,212285,N 2,,Double chance :  draws or FC Porto,-1.5,-2.5,0.1,0.45,0.45,0.6,0.38,0.63,6.0,1.2,6.0,1.2,9.0,9.0,18.0,3.0,3.0,6.0,5.0,2.0,7.0,1.0,4.0,5.0,5.0,8.0,13.0,4.0,12.0,16.0,0.6,0.9,0.7,0.4,1.3,0.9,0.8,0.75,0.63,12.0,2.4,6.0,1.2,9.0,9.0,18.0,8.0,6.0,14.0,0.0,2.0,2.0,1.0,1.0,2.0,21.0,16.0,37.0,3.0,9.0,12.0,2.3,1.8,2.1,0.3,1.0,0.7,10.0,11.0,21.0,0.0,0.0,0.0,10.0,9.0,19.0,1.0,1.0,2.0,0.43,0.57,0.33,0.67,0.5,0.5,0.36,0.64,0.0,1.0,0.06,0.94
0,212283,1 N,,Double chance : Maritimo or draws,-2.5,-2.5,0.45,0.45,0.1,0.53,0.18,0.88,3.0,0.6,2.0,0.4,9.0,9.0,18.0,2.0,2.0,4.0,5.0,3.0,8.0,2.0,4.0,6.0,11.0,6.0,17.0,12.0,13.0,25.0,1.2,0.7,0.9,1.3,1.4,1.4,0.2,0.24,0.71,4.0,0.8,5.0,1.0,9.0,9.0,18.0,3.0,0.0,3.0,0.0,0.0,0.0,6.0,9.0,15.0,10.0,9.0,19.0,10.0,24.0,34.0,1.1,1.0,1.1,1.1,2.7,1.9,3.0,3.0,6.0,1.0,1.0,2.0,1.0,2.0,3.0,0.0,1.0,1.0,0.73,0.27,0.43,0.57,0.71,0.71,0.67,0.33,0.5,0.5,0.44,0.56
0,212286,1 N,,Double chance : GIL Vicente or draws,-2.5,-1.5,0.45,0.45,0.1,0.4,0.35,0.71,6.0,1.2,5.0,1.0,9.0,9.0,18.0,4.0,1.0,5.0,5.0,2.0,7.0,0.0,6.0,6.0,13.0,5.0,18.0,6.0,13.0,19.0,1.4,0.6,1.0,0.7,1.4,1.1,0.27,0.35,0.47,6.0,1.2,9.0,1.8,9.0,9.0,18.0,4.0,0.0,4.0,2.0,4.0,6.0,3.0,5.0,8.0,15.0,7.0,22.0,13.0,14.0,27.0,1.7,0.8,1.2,1.4,1.6,1.5,3.0,3.0,6.0,1.0,0.0,1.0,2.0,2.0,4.0,0.0,1.0,1.0,0.6,0.4,0.5,0.5,0.64,0.64,0.78,0.22,0.29,0.71,0.31,0.69
0,212282,1 N,-3.5,Combo Double chance : Santa Clara or draws  and -3.5 goals,-1.5,-1.5,0.45,0.45,0.1,0.4,0.11,0.67,2.0,0.4,6.0,1.2,9.0,9.0,18.0,2.0,3.0,5.0,2.0,3.0,5.0,5.0,3.0,8.0,6.0,6.0,12.0,12.0,8.0,20.0,0.7,0.7,0.7,1.3,0.9,1.1,0.53,0.11,0.89,2.0,0.4,2.0,0.4,10.0,8.0,18.0,3.0,1.0,4.0,2.0,2.0,4.0,5.0,5.0,10.0,7.0,4.0,11.0,10.0,14.0,24.0,0.7,0.5,0.6,1.0,1.8,1.3,1.0,1.0,2.0,1.0,1.0,2.0,0.0,0.0,0.0,0.0,0.0,0.0,0.43,0.57,0.5,0.5,0.25,0.25,0.6,0.4,1.0,0.0,1.0,0.0
0,212288,1 N,,Double chance : SC Braga or draws,-2.5,-2.5,0.45,0.45,0.1,0.8,0.72,0.72,13.0,2.6,5.0,1.0,8.0,10.0,18.0,4.0,5.0,9.0,2.0,1.0,3.0,2.0,4.0,6.0,13.0,16.0,29.0,11.0,10.0,21.0,1.6,1.6,1.6,1.4,1.0,1.2,0.6,0.5,0.72,9.0,1.8,5.0,1.0,9.0,9.0,18.0,5.0,5.0,10.0,0.0,2.0,2.0,4.0,2.0,6.0,13.0,16.0,29.0,11.0,9.0,20.0,1.4,1.8,1.6,1.2,1.0,1.1,11.0,10.0,21.0,5.0,1.0,6.0,8.0,6.0,14.0,0.0,1.0,1.0,0.57,0.43,0.59,0.41,0.5,0.5,0.36,0.64,0.6,0.4,0.45,0.55
0,212287,N 2,-3.5,Combo Double chance :  draws or Guimaraes and -3.5 goals,-1.5,-1.5,0.1,0.45,0.45,0.27,0.12,0.71,2.0,0.4,5.0,1.0,9.0,9.0,18.0,2.0,3.0,5.0,4.0,3.0,7.0,3.0,3.0,6.0,8.0,6.0,14.0,10.0,7.0,17.0,0.9,0.7,0.8,1.1,0.8,0.9,0.33,0.24,0.71,4.0,0.8,5.0,1.0,10.0,8.0,18.0,5.0,1.0,6.0,2.0,5.0,7.0,3.0,2.0,5.0,17.0,9.0,26.0,8.0,12.0,20.0,1.7,1.1,1.4,0.8,1.5,1.1,8.0,6.0,14.0,3.0,0.0,3.0,4.0,4.0,8.0,1.0,2.0,3.0,0.44,0.56,0.33,0.67,0.5,0.5,0.47,0.53,0.38,0.62,0.38,0.63
0,212295,N 2,-3.5,Combo Double chance :  draws or Boavista and -3.5 goals,-1.5,-1.5,0.1,0.45,0.45,0.33,0.13,0.73,2.0,0.4,4.0,0.8,10.0,9.0,19.0,3.0,1.0,4.0,2.0,2.0,4.0,5.0,6.0,11.0,7.0,5.0,12.0,10.0,16.0,26.0,0.7,0.6,0.6,1.0,1.8,1.4,0.47,0.27,0.73,4.0,0.8,4.0,0.8,10.0,9.0,19.0,3.0,3.0,6.0,4.0,3.0,7.0,3.0,3.0,6.0,10.0,6.0,16.0,10.0,7.0,17.0,1.0,0.7,0.8,1.0,0.8,0.9,5.0,5.0,10.0,2.0,2.0,4.0,1.0,3.0,4.0,0.0,2.0,2.0,0.42,0.58,0.33,0.67,0.5,0.5,0.41,0.59,0.38,0.62,0.44,0.56
0,212294,1 N,,Double chance : Famalicao or draws,-2.5,-1.5,0.45,0.45,0.1,0.53,0.7,0.6,7.0,1.4,4.0,0.8,9.0,10.0,19.0,5.0,4.0,9.0,2.0,3.0,5.0,2.0,3.0,5.0,19.0,14.0,33.0,12.0,17.0,29.0,2.1,1.4,1.7,1.3,1.7,1.5,0.27,0.2,0.5,2.0,0.4,5.0,1.0,10.0,9.0,19.0,5.0,1.0,6.0,2.0,5.0,7.0,3.0,3.0,6.0,17.0,9.0,26.0,8.0,14.0,22.0,1.7,1.0,1.4,0.8,1.6,1.2,1.0,1.0,2.0,0.0,0.0,0.0,0.0,1.0,1.0,0.0,1.0,1.0,0.67,0.33,0.78,0.22,0.56,0.56,0.67,0.33,0.5,0.5,0.5,0.5
0,212297,N 2,,Double chance :  draws or Santa Clara,-1.5,-1.5,0.1,0.45,0.45,0.2,0.5,0.0,5.0,1.0,14.0,2.8,9.0,10.0,19.0,3.0,2.0,5.0,1.0,2.0,3.0,5.0,6.0,11.0,8.0,8.0,16.0,17.0,18.0,35.0,0.9,0.8,0.8,1.9,1.8,1.8,0.6,0.4,0.7,4.0,0.8,3.0,0.6,10.0,9.0,19.0,3.0,3.0,6.0,2.0,3.0,5.0,5.0,3.0,8.0,8.0,6.0,14.0,13.0,8.0,21.0,0.8,0.7,0.7,1.3,0.9,1.1,3.0,3.0,6.0,0.0,1.0,1.0,1.0,2.0,3.0,1.0,1.0,2.0,0.25,0.75,0.56,0.44,0.18,0.18,0.35,0.65,0.38,0.62,0.45,0.55
0,212290,1,,Winner : SC Braga,-3.5,-1.5,0.5,0.5,0.0,1.0,0.93,0.73,14.0,2.8,4.0,0.8,9.0,10.0,19.0,5.0,5.0,10.0,2.0,1.0,3.0,2.0,4.0,6.0,14.0,16.0,30.0,11.0,10.0,21.0,1.6,1.6,1.6,1.2,1.0,1.1,0.33,0.33,0.47,5.0,1.0,8.0,1.6,10.0,9.0,19.0,4.0,1.0,5.0,5.0,2.0,7.0,1.0,6.0,7.0,14.0,5.0,19.0,11.0,13.0,24.0,1.4,0.6,1.0,1.1,1.4,1.3,6.0,5.0,11.0,5.0,3.0,8.0,1.0,0.0,1.0,1.0,1.0,2.0,0.75,0.25,0.74,0.26,0.67,0.67,0.74,0.26,0.93,0.07,0.83,0.17
0,212291,N 2,,Double chance :  draws or Benfica,-2.5,-2.5,0.1,0.45,0.45,0.8,0.81,0.63,13.0,2.6,6.0,1.2,9.0,10.0,19.0,8.0,7.0,15.0,0.0,2.0,2.0,1.0,1.0,2.0,21.0,20.0,41.0,3.0,9.0,12.0,2.3,2.0,2.2,0.3,0.9,0.6,1.0,0.63,0.81,10.0,2.0,3.0,0.6,10.0,9.0,19.0,9.0,9.0,18.0,0.0,0.0,0.0,1.0,0.0,1.0,27.0,20.0,47.0,5.0,3.0,8.0,2.7,2.2,2.5,0.5,0.3,0.4,10.0,10.0,20.0,5.0,5.0,10.0,2.0,2.0,4.0,3.0,3.0,6.0,0.44,0.56,0.57,0.43,0.33,0.33,0.48,0.52,0.5,0.5,0.57,0.43
0,212292,N 2,-3.5,Combo Double chance :  draws or Maritimo and -3.5 goals,-1.5,-1.5,0.1,0.45,0.45,0.33,0.21,0.63,4.0,0.8,7.0,1.4,9.0,10.0,19.0,1.0,5.0,6.0,3.0,2.0,5.0,5.0,3.0,8.0,5.0,13.0,18.0,12.0,12.0,24.0,0.6,1.3,0.9,1.3,1.2,1.3,0.33,0.16,0.79,3.0,0.6,4.0,0.8,10.0,9.0,19.0,2.0,2.0,4.0,5.0,3.0,8.0,3.0,4.0,7.0,12.0,6.0,18.0,14.0,13.0,27.0,1.2,0.7,0.9,1.4,1.4,1.4,5.0,5.0,10.0,1.0,1.0,2.0,4.0,2.0,6.0,2.0,0.0,2.0,0.5,0.5,0.57,0.43,0.36,0.36,0.44,0.56,0.4,0.6,0.4,0.6
0,212298,N 2,,Double chance :  draws or Vitoria Setubal,-2.5,-2.5,0.1,0.45,0.45,0.27,0.47,0.53,9.0,1.8,9.0,1.8,9.0,10.0,19.0,4.0,1.0,5.0,2.0,4.0,6.0,3.0,5.0,8.0,15.0,12.0,27.0,13.0,15.0,28.0,1.7,1.2,1.4,1.4,1.5,1.5,0.4,0.26,0.47,5.0,1.0,10.0,2.0,10.0,9.0,19.0,3.0,3.0,6.0,5.0,2.0,7.0,2.0,4.0,6.0,5.0,8.0,13.0,8.0,12.0,20.0,0.5,0.9,0.7,0.8,1.3,1.1,7.0,8.0,15.0,2.0,1.0,3.0,5.0,2.0,7.0,3.0,2.0,5.0,0.4,0.6,0.64,0.36,0.53,0.53,0.6,0.4,0.25,0.75,0.3,0.7
0,212293,1 N,,Double chance : Sporting CP or draws,-2.5,-1.5,0.45,0.45,0.1,0.4,0.28,0.67,5.0,1.0,6.0,1.2,9.0,10.0,19.0,5.0,5.0,10.0,0.0,2.0,2.0,4.0,3.0,7.0,13.0,16.0,29.0,11.0,10.0,21.0,1.4,1.6,1.5,1.2,1.0,1.1,0.13,0.11,0.61,2.0,0.4,7.0,1.4,9.0,10.0,19.0,1.0,1.0,2.0,4.0,4.0,8.0,4.0,5.0,9.0,7.0,6.0,13.0,11.0,16.0,27.0,0.8,0.6,0.7,1.2,1.6,1.4,4.0,5.0,9.0,4.0,4.0,8.0,1.0,0.0,1.0,0.0,0.0,0.0,0.75,0.25,0.71,0.29,0.54,0.54,0.73,0.27,0.8,0.2,0.61,0.39
0,212296,1 N,,Double chance : Aves or draws,-2.5,-2.5,0.35,0.35,0.3,0.4,0.43,0.64,6.0,1.2,5.0,1.0,9.0,10.0,19.0,3.0,1.0,4.0,0.0,0.0,0.0,6.0,9.0,15.0,10.0,11.0,21.0,10.0,25.0,35.0,1.1,1.1,1.1,1.1,2.5,1.8,0.67,0.5,0.71,7.0,1.4,4.0,0.8,10.0,9.0,19.0,4.0,4.0,8.0,3.0,2.0,5.0,3.0,3.0,6.0,15.0,9.0,24.0,11.0,9.0,20.0,1.5,1.0,1.3,1.1,1.0,1.1,3.0,4.0,7.0,1.0,1.0,2.0,1.0,1.0,2.0,1.0,2.0,3.0,0.38,0.63,0.46,0.54,0.44,0.44,0.47,0.53,0.62,0.38,0.47,0.53
0,212299,,,No predictions available,,,0.33,0.33,0.33,0.47,0.43,0.43,6.0,1.2,8.0,1.6,10.0,10.0,20.0,3.0,3.0,6.0,5.0,3.0,8.0,2.0,4.0,6.0,5.0,9.0,14.0,8.0,13.0,21.0,0.5,0.9,0.7,0.8,1.3,1.1,0.33,0.43,0.36,6.0,1.2,9.0,1.8,10.0,10.0,20.0,4.0,1.0,5.0,5.0,3.0,8.0,1.0,6.0,7.0,14.0,7.0,21.0,11.0,15.0,26.0,1.4,0.7,1.1,1.1,1.5,1.3,5.0,5.0,10.0,2.0,1.0,3.0,1.0,1.0,2.0,2.0,3.0,5.0,0.58,0.42,0.5,0.5,0.53,0.53,0.54,0.46,0.5,0.5,0.56,0.44
0,212302,N 2,,Double chance :  draws or Moreirense,-1.5,-2.5,0.1,0.45,0.45,0.07,0.17,0.33,2.0,0.4,8.0,1.6,9.0,11.0,20.0,1.0,1.0,2.0,4.0,4.0,8.0,4.0,6.0,10.0,7.0,7.0,14.0,11.0,18.0,29.0,0.8,0.6,0.7,1.2,1.6,1.5,0.33,0.83,0.25,10.0,2.0,9.0,1.8,10.0,10.0,20.0,4.0,1.0,5.0,3.0,4.0,7.0,3.0,5.0,8.0,16.0,12.0,28.0,14.0,15.0,29.0,1.6,1.2,1.4,1.4,1.5,1.5,3.0,3.0,6.0,1.0,0.0,1.0,2.0,1.0,3.0,1.0,1.0,2.0,0.17,0.83,0.17,0.83,0.53,0.53,0.42,0.58,0.29,0.71,0.36,0.64
0,212305,1 N,-3.5,Combo Double chance : Santa Clara or draws  and -3.5 goals,-1.5,-2.5,0.45,0.45,0.1,0.6,0.42,0.75,5.0,1.0,3.0,0.6,10.0,10.0,20.0,3.0,4.0,7.0,2.0,3.0,5.0,5.0,3.0,8.0,8.0,8.0,16.0,13.0,8.0,21.0,0.8,0.8,0.8,1.3,0.8,1.1,0.33,0.25,0.5,3.0,0.6,6.0,1.2,10.0,10.0,20.0,1.0,5.0,6.0,4.0,2.0,6.0,5.0,3.0,8.0,5.0,13.0,18.0,12.0,12.0,24.0,0.5,1.3,0.9,1.2,1.2,1.2,2.0,2.0,4.0,1.0,1.0,2.0,0.0,1.0,1.0,0.0,1.0,1.0,0.64,0.36,0.63,0.38,0.67,0.67,0.34,0.66,0.5,0.5,0.57,0.43
0,212304,1 N,,Double chance : Benfica or draws,-3.5,-2.5,0.45,0.45,0.1,0.8,0.85,0.54,11.0,2.2,6.0,1.2,10.0,10.0,20.0,9.0,9.0,18.0,0.0,0.0,0.0,1.0,1.0,2.0,27.0,22.0,49.0,5.0,6.0,11.0,2.7,2.2,2.5,0.5,0.6,0.6,0.87,0.69,0.62,9.0,1.8,5.0,1.0,10.0,10.0,20.0,5.0,5.0,10.0,3.0,1.0,4.0,2.0,4.0,6.0,16.0,16.0,32.0,13.0,10.0,23.0,1.6,1.6,1.6,1.3,1.0,1.2,12.0,10.0,22.0,10.0,7.0,17.0,2.0,1.0,3.0,1.0,1.0,2.0,0.48,0.52,0.55,0.45,0.45,0.45,0.75,0.25,1.0,0.0,0.79,0.21
0,212307,1 N,,Double chance : Rio Ave or draws,-2.5,-2.5,0.45,0.45,0.1,0.87,1.0,0.73,11.0,2.2,3.0,0.6,10.0,10.0,20.0,4.0,5.0,9.0,3.0,2.0,5.0,3.0,3.0,6.0,15.0,13.0,28.0,11.0,9.0,20.0,1.5,1.3,1.4,1.1,0.9,1.0,0.6,0.55,0.55,6.0,1.2,5.0,1.0,10.0,10.0,20.0,6.0,5.0,11.0,0.0,2.0,2.0,4.0,3.0,7.0,15.0,16.0,31.0,12.0,10.0,22.0,1.5,1.6,1.6,1.2,1.0,1.1,10.0,12.0,22.0,2.0,3.0,5.0,7.0,6.0,13.0,2.0,2.0,4.0,0.59,0.41,0.65,0.35,0.63,0.63,0.43,0.57,0.4,0.6,0.36,0.64
0,212300,1 N,-3.5,Combo Double chance : Maritimo or draws  and -3.5 goals,-2.5,-1.5,0.45,0.45,0.1,0.2,0.22,0.56,2.0,0.4,4.0,0.8,10.0,10.0,20.0,2.0,2.0,4.0,5.0,4.0,9.0,3.0,4.0,7.0,12.0,6.0,18.0,14.0,13.0,27.0,1.2,0.6,0.9,1.4,1.3,1.4,0.13,0.11,0.44,1.0,0.2,5.0,1.0,11.0,9.0,20.0,3.0,1.0,4.0,2.0,2.0,4.0,6.0,6.0,12.0,7.0,5.0,12.0,11.0,16.0,27.0,0.6,0.6,0.6,1.0,1.8,1.4,9.0,10.0,19.0,4.0,1.0,5.0,3.0,2.0,5.0,3.0,6.0,9.0,0.6,0.4,0.67,0.33,0.56,0.56,0.71,0.29,0.75,0.25,0.75,0.25
0,212301,1 N,,Double chance : Boavista or draws,-2.5,-1.5,0.45,0.45,0.1,0.6,0.44,0.67,4.0,0.8,3.0,0.6,10.0,10.0,20.0,3.0,4.0,7.0,4.0,3.0,7.0,3.0,3.0,6.0,10.0,7.0,17.0,10.0,7.0,17.0,1.0,0.7,0.9,1.0,0.7,0.9,0.2,0.44,0.0,4.0,0.8,9.0,1.8,10.0,10.0,20.0,3.0,2.0,5.0,1.0,2.0,3.0,6.0,6.0,12.0,8.0,8.0,16.0,19.0,18.0,37.0,0.8,0.8,0.8,1.9,1.8,1.9,6.0,6.0,12.0,4.0,1.0,5.0,2.0,2.0,4.0,0.0,3.0,3.0,0.75,0.25,0.5,0.5,0.75,0.75,0.67,0.33,0.85,0.15,0.83,0.17
0,212306,N 2,,Double chance :  draws or FC Porto,-2.5,-3.5,0.1,0.45,0.45,0.47,0.82,0.64,9.0,1.8,4.0,0.8,10.0,10.0,20.0,5.0,2.0,7.0,2.0,5.0,7.0,3.0,3.0,6.0,17.0,16.0,33.0,8.0,14.0,22.0,1.7,1.6,1.7,0.8,1.4,1.1,0.8,1.0,0.36,14.0,2.8,7.0,1.4,10.0,10.0,20.0,9.0,7.0,16.0,0.0,2.0,2.0,1.0,1.0,2.0,24.0,20.0,44.0,5.0,9.0,14.0,2.4,2.0,2.2,0.5,0.9,0.7,11.0,11.0,22.0,1.0,1.0,2.0,10.0,6.0,16.0,4.0,0.0,4.0,0.37,0.63,0.39,0.61,0.64,0.64,0.46,0.54,0.29,0.71,0.33,0.67
0,212303,1 N,+1.5,Combo Double chance : Famalicao or draws  and +1.5 goals,-3.5,-2.5,0.35,0.35,0.3,0.33,0.33,0.08,4.0,0.8,11.0,2.2,10.0,10.0,20.0,5.0,4.0,9.0,2.0,3.0,5.0,3.0,3.0,6.0,19.0,14.0,33.0,19.0,17.0,36.0,1.9,1.4,1.7,1.9,1.7,1.8,0.4,0.5,0.33,6.0,1.2,8.0,1.6,10.0,10.0,20.0,3.0,1.0,4.0,0.0,0.0,0.0,7.0,9.0,16.0,10.0,11.0,21.0,14.0,25.0,39.0,1.0,1.1,1.1,1.4,2.5,2.0,2.0,2.0,4.0,0.0,1.0,1.0,1.0,0.0,1.0,2.0,0.0,2.0,0.45,0.55,0.4,0.6,0.42,0.42,0.67,0.33,0.5,0.5,0.43,0.57
0,212313,N 2,,Double chance :  draws or Guimaraes,-2.5,-2.5,0.1,0.45,0.45,0.47,0.46,0.46,6.0,1.2,7.0,1.4,10.0,11.0,21.0,3.0,1.0,4.0,0.0,1.0,1.0,7.0,9.0,16.0,10.0,12.0,22.0,14.0,26.0,40.0,1.0,1.1,1.0,1.4,2.4,1.9,0.4,0.77,0.54,10.0,2.0,6.0,1.2,11.0,10.0,21.0,5.0,2.0,7.0,2.0,5.0,7.0,4.0,3.0,7.0,18.0,16.0,34.0,10.0,14.0,24.0,1.6,1.6,1.6,0.9,1.4,1.1,3.0,3.0,6.0,0.0,1.0,1.0,2.0,2.0,4.0,1.0,0.0,1.0,0.54,0.46,0.38,0.63,0.46,0.46,0.36,0.64,0.29,0.71,0.35,0.65
0,212311,N 2,,Double chance :  draws or Rio Ave,-1.5,-2.5,0.1,0.45,0.45,0.33,0.15,0.62,2.0,0.4,5.0,1.0,10.0,11.0,21.0,1.0,5.0,6.0,4.0,2.0,6.0,5.0,4.0,9.0,5.0,13.0,18.0,12.0,13.0,25.0,0.5,1.2,0.9,1.2,1.2,1.2,0.73,0.85,0.69,11.0,2.2,4.0,0.8,11.0,10.0,21.0,4.0,5.0,9.0,4.0,2.0,6.0,3.0,3.0,6.0,16.0,13.0,29.0,12.0,9.0,21.0,1.5,1.3,1.4,1.1,0.9,1.0,5.0,5.0,10.0,1.0,2.0,3.0,1.0,2.0,3.0,2.0,2.0,4.0,0.31,0.69,0.15,0.85,0.44,0.44,0.21,0.79,0.5,0.5,0.5,0.5
0,212314,1 N,,Double chance : Belenenses or draws,-2.5,-1.5,0.45,0.45,0.1,0.4,0.46,0.38,6.0,1.2,8.0,1.6,10.0,11.0,21.0,3.0,3.0,6.0,1.0,2.0,3.0,6.0,6.0,12.0,8.0,10.0,18.0,19.0,19.0,38.0,0.8,0.9,0.9,1.9,1.7,1.8,0.33,0.38,0.69,5.0,1.0,4.0,0.8,11.0,10.0,21.0,3.0,2.0,5.0,5.0,4.0,9.0,3.0,4.0,7.0,15.0,6.0,21.0,14.0,13.0,27.0,1.4,0.6,1.0,1.3,1.3,1.3,7.0,7.0,14.0,5.0,3.0,8.0,2.0,1.0,3.0,1.0,2.0,3.0,0.55,0.45,0.55,0.45,0.33,0.33,0.45,0.55,0.62,0.38,0.67,0.33
0,212308,N 2,,Double chance :  draws or Famalicao,-1.5,-1.5,0.1,0.45,0.45,0.07,0.09,0.27,1.0,0.2,8.0,1.6,11.0,10.0,21.0,3.0,1.0,4.0,2.0,2.0,4.0,6.0,7.0,13.0,7.0,5.0,12.0,11.0,19.0,30.0,0.6,0.5,0.6,1.0,1.9,1.4,0.2,0.36,0.0,4.0,0.8,12.0,2.4,11.0,10.0,21.0,5.0,4.0,9.0,3.0,3.0,6.0,3.0,3.0,6.0,20.0,14.0,34.0,20.0,17.0,37.0,1.8,1.4,1.6,1.8,1.7,1.8,3.0,2.0,5.0,1.0,1.0,2.0,1.0,2.0,3.0,0.0,0.0,0.0,0.25,0.75,0.2,0.8,0.6,0.6,0.41,0.59,0.25,0.75,0.36,0.64
0,212310,N 2,,Double chance :  draws or Santa Clara,-2.5,-2.5,0.1,0.45,0.45,0.4,0.82,0.45,9.0,1.8,6.0,1.2,10.0,11.0,21.0,4.0,1.0,5.0,3.0,5.0,8.0,3.0,5.0,8.0,16.0,13.0,29.0,14.0,16.0,30.0,1.6,1.2,1.4,1.4,1.5,1.4,0.8,0.55,0.82,6.0,1.2,2.0,0.4,11.0,10.0,21.0,4.0,4.0,8.0,2.0,3.0,5.0,5.0,3.0,8.0,9.0,8.0,17.0,13.0,8.0,21.0,0.8,0.8,0.8,1.2,0.8,1.0,3.0,2.0,5.0,1.0,0.0,1.0,1.0,1.0,2.0,1.0,1.0,2.0,0.33,0.67,0.6,0.4,0.25,0.25,0.51,0.49,0.2,0.8,0.33,0.67
0,212309,1 N,-3.5,Combo Double chance : Sporting CP or draws  and -3.5 goals,-1.5,-1.5,0.45,0.45,0.1,0.47,0.33,0.58,4.0,0.8,5.0,1.0,10.0,11.0,21.0,6.0,5.0,11.0,0.0,3.0,3.0,4.0,3.0,7.0,15.0,17.0,32.0,12.0,11.0,23.0,1.5,1.5,1.5,1.2,1.0,1.1,0.6,0.42,0.67,5.0,1.0,4.0,0.8,11.0,10.0,21.0,3.0,4.0,7.0,4.0,3.0,7.0,4.0,3.0,7.0,11.0,7.0,18.0,12.0,7.0,19.0,1.0,0.7,0.9,1.1,0.7,0.9,6.0,6.0,12.0,6.0,4.0,10.0,0.0,0.0,0.0,0.0,2.0,2.0,0.44,0.56,0.44,0.56,0.44,0.44,0.53,0.47,0.93,0.07,0.77,0.23
0,212315,1 N,,Double chance : SC Braga or draws,-2.5,-2.5,0.45,0.45,0.1,0.87,0.67,0.67,8.0,1.6,4.0,0.8,10.0,11.0,21.0,5.0,6.0,11.0,3.0,1.0,4.0,2.0,4.0,6.0,16.0,17.0,33.0,13.0,10.0,23.0,1.6,1.5,1.6,1.3,0.9,1.1,0.47,0.5,0.42,6.0,1.2,7.0,1.4,11.0,10.0,21.0,3.0,3.0,6.0,5.0,3.0,8.0,3.0,4.0,7.0,6.0,9.0,15.0,10.0,13.0,23.0,0.5,0.9,0.7,0.9,1.3,1.1,10.0,11.0,21.0,9.0,5.0,14.0,2.0,0.0,2.0,1.0,4.0,5.0,0.65,0.35,0.57,0.43,0.64,0.64,0.61,0.39,0.8,0.2,0.7,0.3
0,212316,1,,Winner : FC Porto,-3.5,-1.5,0.5,0.5,0.0,0.8,0.92,0.54,12.0,2.4,6.0,1.2,10.0,11.0,21.0,9.0,8.0,17.0,0.0,2.0,2.0,1.0,1.0,2.0,24.0,22.0,46.0,5.0,10.0,15.0,2.4,2.0,2.2,0.5,0.9,0.7,0.07,0.23,0.31,3.0,0.6,9.0,1.8,10.0,11.0,21.0,1.0,1.0,2.0,5.0,4.0,9.0,4.0,6.0,10.0,8.0,7.0,15.0,12.0,18.0,30.0,0.8,0.6,0.7,1.2,1.6,1.4,4.0,4.0,8.0,4.0,4.0,8.0,0.0,0.0,0.0,0.0,0.0,0.0,0.92,0.08,0.8,0.2,0.6,0.6,0.92,0.08,1.0,0.0,0.75,0.25
0,212312,N 2,,Double chance :  draws or Benfica,-1.5,-2.5,0.0,0.5,0.5,0.33,0.46,0.23,6.0,1.2,10.0,2.0,10.0,11.0,21.0,4.0,2.0,6.0,5.0,3.0,8.0,1.0,6.0,7.0,14.0,9.0,23.0,11.0,16.0,27.0,1.4,0.8,1.1,1.1,1.5,1.3,0.6,0.69,0.54,9.0,1.8,6.0,1.2,11.0,10.0,21.0,9.0,9.0,18.0,0.0,0.0,0.0,2.0,1.0,3.0,27.0,22.0,49.0,6.0,6.0,12.0,2.5,2.2,2.3,0.5,0.6,0.6,5.0,5.0,10.0,0.0,0.0,0.0,5.0,3.0,8.0,2.0,0.0,2.0,0.36,0.64,0.4,0.6,0.38,0.38,0.23,0.77,0.07,0.93,0.15,0.85
0,212325,1 N,,Double chance : Portimonense or draws,-1.5,-2.5,0.45,0.45,0.1,0.07,0.27,0.36,3.0,0.6,7.0,1.4,10.0,12.0,22.0,1.0,1.0,2.0,5.0,4.0,9.0,4.0,7.0,11.0,8.0,7.0,15.0,12.0,19.0,31.0,0.8,0.6,0.7,1.2,1.6,1.4,0.27,0.55,0.09,6.0,1.2,10.0,2.0,11.0,11.0,22.0,3.0,3.0,6.0,5.0,3.0,8.0,3.0,5.0,8.0,6.0,10.0,16.0,10.0,16.0,26.0,0.5,0.9,0.7,0.9,1.5,1.2,4.0,4.0,8.0,2.0,0.0,2.0,1.0,1.0,2.0,1.0,3.0,4.0,0.2,0.8,0.33,0.67,0.59,0.59,0.49,0.51,0.75,0.25,0.67,0.33
0,212319,1 N,,Double chance : Rio Ave or draws,-3.5,-2.5,0.45,0.45,0.1,0.73,1.0,0.38,11.0,2.2,5.0,1.0,11.0,11.0,22.0,4.0,6.0,10.0,4.0,2.0,6.0,3.0,3.0,6.0,16.0,15.0,31.0,12.0,10.0,22.0,1.5,1.4,1.4,1.1,0.9,1.0,0.6,0.88,0.13,7.0,1.4,7.0,1.4,11.0,11.0,22.0,4.0,3.0,7.0,1.0,2.0,3.0,6.0,6.0,12.0,9.0,10.0,19.0,19.0,19.0,38.0,0.8,0.9,0.9,1.7,1.7,1.7,7.0,7.0,14.0,3.0,5.0,8.0,1.0,1.0,2.0,3.0,1.0,4.0,0.55,0.45,0.61,0.39,0.58,0.58,0.69,0.31,0.93,0.07,0.71,0.29
0,212317,1 N,,Double chance : Boavista or draws,-2.5,-1.5,0.45,0.45,0.1,0.6,0.83,0.33,5.0,1.0,4.0,0.8,11.0,11.0,22.0,3.0,4.0,7.0,4.0,3.0,7.0,4.0,4.0,8.0,11.0,7.0,18.0,12.0,9.0,21.0,1.0,0.6,0.8,1.1,0.8,1.0,0.27,1.0,0.0,6.0,1.2,11.0,2.2,11.0,11.0,22.0,4.0,2.0,6.0,5.0,3.0,8.0,2.0,6.0,8.0,14.0,9.0,23.0,12.0,16.0,28.0,1.3,0.8,1.0,1.1,1.5,1.3,2.0,2.0,4.0,1.0,0.0,1.0,0.0,1.0,1.0,0.0,2.0,2.0,0.69,0.31,0.45,0.55,0.73,0.73,0.59,0.41,0.71,0.29,0.57,0.43
0,212318,N 2,,Double chance :  draws or Pacos Ferreira,-1.5,-1.5,0.1,0.45,0.45,0.27,1.0,0.0,3.0,0.6,9.0,1.8,11.0,11.0,22.0,3.0,1.0,4.0,0.0,1.0,1.0,8.0,9.0,17.0,10.0,12.0,22.0,16.0,26.0,42.0,0.9,1.1,1.0,1.5,2.4,1.9,0.2,1.0,0.0,3.0,0.6,9.0,1.8,12.0,10.0,22.0,4.0,1.0,5.0,2.0,2.0,4.0,6.0,7.0,13.0,9.0,5.0,14.0,12.0,19.0,31.0,0.8,0.5,0.6,1.0,1.9,1.4,3.0,2.0,5.0,0.0,0.0,0.0,1.0,3.0,4.0,0.0,1.0,1.0,0.57,0.43,0.5,0.5,0.5,0.5,0.68,0.32,0.09,0.91,0.33,0.67
0,212320,N 2,,Double chance :  draws or SC Braga,-1.5,-2.5,0.1,0.45,0.45,0.27,0.67,0.33,4.0,0.8,4.0,0.8,11.0,11.0,22.0,3.0,2.0,5.0,5.0,4.0,9.0,3.0,5.0,8.0,15.0,6.0,21.0,14.0,14.0,28.0,1.4,0.5,1.0,1.3,1.3,1.3,0.87,1.0,0.33,9.0,1.8,4.0,0.8,11.0,11.0,22.0,6.0,6.0,12.0,3.0,1.0,4.0,2.0,4.0,6.0,19.0,17.0,36.0,14.0,10.0,24.0,1.7,1.5,1.6,1.3,0.9,1.1,10.0,11.0,21.0,4.0,1.0,5.0,7.0,5.0,12.0,1.0,3.0,4.0,0.24,0.76,0.31,0.69,0.5,0.5,0.36,0.64,0.29,0.71,0.33,0.67
0,212324,1 N,,Double chance : Guimaraes or draws,-2.5,-1.5,0.45,0.45,0.1,0.4,1.0,0.25,11.0,2.2,6.0,1.2,11.0,11.0,22.0,5.0,3.0,8.0,2.0,5.0,7.0,4.0,3.0,7.0,18.0,18.0,36.0,10.0,14.0,24.0,1.6,1.6,1.6,0.9,1.3,1.1,0.27,0.25,0.25,2.0,0.4,6.0,1.2,11.0,11.0,22.0,1.0,5.0,6.0,4.0,2.0,6.0,6.0,4.0,10.0,6.0,13.0,19.0,14.0,13.0,27.0,0.5,1.2,0.9,1.3,1.2,1.2,5.0,5.0,10.0,4.0,2.0,6.0,2.0,1.0,3.0,0.0,1.0,1.0,0.6,0.4,0.85,0.15,0.5,0.5,0.62,0.38,0.6,0.4,0.67,0.33
0,212323,2,,Winner : FC Porto,-1.5,-3.5,0.1,0.45,0.45,0.8,0.7,0.7,7.0,1.4,3.0,0.6,11.0,11.0,22.0,4.0,4.0,8.0,2.0,3.0,5.0,5.0,4.0,9.0,9.0,9.0,18.0,13.0,10.0,23.0,0.8,0.8,0.8,1.2,0.9,1.0,1.0,1.0,0.6,12.0,2.4,4.0,0.8,11.0,11.0,22.0,10.0,8.0,18.0,0.0,2.0,2.0,1.0,1.0,2.0,25.0,22.0,47.0,5.0,10.0,15.0,2.3,2.0,2.1,0.5,0.9,0.7,2.0,4.0,6.0,0.0,0.0,0.0,4.0,2.0,6.0,0.0,0.0,0.0,0.44,0.56,0.37,0.63,0.57,0.57,0.22,0.78,0.0,1.0,0.13,0.88
0,212322,1 N,,Double chance : Benfica or draws,-3.5,-2.5,0.45,0.45,0.1,0.6,0.67,0.5,8.0,1.6,6.0,1.2,11.0,11.0,22.0,9.0,10.0,19.0,0.0,0.0,0.0,2.0,1.0,3.0,27.0,23.0,50.0,6.0,6.0,12.0,2.5,2.1,2.3,0.5,0.5,0.5,0.53,0.83,0.5,10.0,2.0,6.0,1.2,11.0,11.0,22.0,5.0,1.0,6.0,3.0,5.0,8.0,3.0,5.0,8.0,18.0,13.0,31.0,15.0,16.0,31.0,1.6,1.2,1.4,1.4,1.5,1.4,7.0,7.0,14.0,5.0,7.0,12.0,0.0,1.0,1.0,1.0,0.0,1.0,0.53,0.47,0.44,0.56,0.5,0.5,0.83,0.17,0.8,0.2,0.71,0.29
0,212321,N 2,,Double chance :  draws or Sporting CP,-2.5,-2.5,0.0,0.5,0.5,0.13,0.31,0.0,4.0,0.8,13.0,2.6,11.0,11.0,22.0,5.0,4.0,9.0,3.0,3.0,6.0,3.0,4.0,7.0,20.0,15.0,35.0,20.0,19.0,39.0,1.8,1.4,1.6,1.8,1.7,1.8,0.67,0.46,0.77,6.0,1.2,3.0,0.6,11.0,11.0,22.0,7.0,5.0,12.0,0.0,3.0,3.0,4.0,3.0,7.0,17.0,17.0,34.0,12.0,11.0,23.0,1.5,1.5,1.5,1.1,1.0,1.0,2.0,2.0,4.0,1.0,1.0,2.0,1.0,1.0,2.0,0.0,0.0,0.0,0.17,0.83,0.4,0.6,0.19,0.19,0.37,0.63,0.33,0.67,0.33,0.67
0,212333,1 N,,Double chance : SC Braga or draws,-2.5,-1.5,0.45,0.45,0.1,0.87,0.69,0.69,9.0,1.8,4.0,0.8,11.0,12.0,23.0,6.0,7.0,13.0,3.0,1.0,4.0,2.0,4.0,6.0,19.0,19.0,38.0,14.0,11.0,25.0,1.7,1.6,1.7,1.3,0.9,1.1,0.13,0.15,0.62,2.0,0.4,5.0,1.0,11.0,12.0,23.0,1.0,1.0,2.0,6.0,4.0,10.0,4.0,7.0,11.0,8.0,7.0,15.0,12.0,19.0,31.0,0.7,0.6,0.7,1.1,1.6,1.3,4.0,4.0,8.0,4.0,3.0,7.0,0.0,0.0,0.0,0.0,1.0,1.0,0.87,0.13,0.82,0.18,0.56,0.56,0.77,0.23,0.93,0.07,0.73,0.27
0,212329,N 2,-3.5,Combo Double chance :  draws or Boavista and -3.5 goals,-1.5,-1.5,0.1,0.45,0.45,0.27,0.14,0.64,2.0,0.4,5.0,1.0,11.0,12.0,23.0,1.0,5.0,6.0,4.0,2.0,6.0,6.0,5.0,11.0,6.0,13.0,19.0,14.0,15.0,29.0,0.5,1.1,0.8,1.3,1.3,1.3,0.4,0.29,0.64,4.0,0.8,5.0,1.0,12.0,11.0,23.0,3.0,4.0,7.0,4.0,3.0,7.0,5.0,4.0,9.0,11.0,7.0,18.0,13.0,9.0,22.0,0.9,0.6,0.8,1.1,0.8,1.0,5.0,5.0,10.0,2.0,0.0,2.0,3.0,1.0,4.0,2.0,2.0,4.0,0.4,0.6,0.33,0.67,0.5,0.5,0.33,0.67,0.62,0.38,0.5,0.5
0,212328,N 2,,Double chance :  draws or Benfica,-1.5,-2.5,0.0,0.5,0.5,0.13,0.21,0.29,3.0,0.6,10.0,2.0,11.0,12.0,23.0,3.0,3.0,6.0,5.0,4.0,9.0,3.0,5.0,8.0,6.0,10.0,16.0,10.0,16.0,26.0,0.5,0.8,0.7,0.9,1.3,1.1,0.47,0.5,0.5,7.0,1.4,7.0,1.4,12.0,11.0,23.0,9.0,10.0,19.0,1.0,0.0,1.0,2.0,1.0,3.0,28.0,23.0,51.0,7.0,6.0,13.0,2.3,2.1,2.2,0.6,0.5,0.6,11.0,11.0,22.0,1.0,0.0,1.0,9.0,8.0,17.0,2.0,2.0,4.0,0.22,0.78,0.3,0.7,0.41,0.41,0.12,0.88,0.07,0.93,0.33,0.67
0,212334,1 N,,Double chance : FC Porto or draws,-3.5,-2.5,0.45,0.45,0.1,1.0,0.86,0.79,12.0,2.4,3.0,0.6,11.0,12.0,23.0,10.0,9.0,19.0,0.0,2.0,2.0,1.0,1.0,2.0,25.0,24.0,49.0,5.0,10.0,15.0,2.3,2.0,2.1,0.5,0.8,0.7,0.6,0.64,0.71,9.0,1.8,4.0,0.8,12.0,11.0,23.0,4.0,6.0,10.0,5.0,2.0,7.0,3.0,3.0,6.0,16.0,15.0,31.0,12.0,10.0,22.0,1.3,1.4,1.3,1.0,0.9,1.0,10.0,10.0,20.0,8.0,8.0,16.0,0.0,0.0,0.0,2.0,2.0,4.0,0.63,0.38,0.57,0.43,0.57,0.57,0.75,0.25,0.93,0.07,0.75,0.25
0,212326,N 2,,Double chance :  draws or Famalicao,-2.5,-2.5,0.1,0.45,0.45,0.47,0.36,0.57,5.0,1.0,6.0,1.2,11.0,12.0,23.0,4.0,3.0,7.0,1.0,3.0,4.0,6.0,6.0,12.0,9.0,10.0,19.0,19.0,19.0,38.0,0.8,0.8,0.8,1.7,1.6,1.7,0.33,0.5,0.07,7.0,1.4,13.0,2.6,12.0,11.0,23.0,6.0,4.0,10.0,3.0,3.0,6.0,3.0,4.0,7.0,23.0,15.0,38.0,21.0,19.0,40.0,1.9,1.4,1.7,1.8,1.7,1.7,1.0,1.0,2.0,0.0,0.0,0.0,1.0,0.0,1.0,1.0,0.0,1.0,0.58,0.42,0.42,0.58,0.68,0.68,0.35,0.65,0.0,1.0,0.25,0.75
0,212330,1 N,,Double chance : Moreirense or draws,-2.5,-1.5,0.45,0.45,0.1,0.6,0.71,0.64,10.0,2.0,5.0,1.0,11.0,12.0,23.0,5.0,1.0,6.0,3.0,6.0,9.0,3.0,5.0,8.0,18.0,14.0,32.0,15.0,17.0,32.0,1.6,1.2,1.4,1.4,1.4,1.4,0.27,0.36,0.64,5.0,1.0,5.0,1.0,12.0,11.0,23.0,3.0,2.0,5.0,5.0,4.0,9.0,4.0,5.0,9.0,16.0,6.0,22.0,16.0,14.0,30.0,1.3,0.5,1.0,1.3,1.3,1.3,7.0,7.0,14.0,3.0,1.0,4.0,4.0,2.0,6.0,2.0,2.0,4.0,0.69,0.31,0.67,0.33,0.5,0.5,0.71,0.29,0.38,0.62,0.46,0.54
0,212331,N 2,,Double chance :  draws or Santa Clara,-2.5,-1.5,0.1,0.45,0.45,0.47,0.75,0.0,6.0,1.2,9.0,1.8,11.0,12.0,23.0,4.0,3.0,7.0,5.0,3.0,8.0,2.0,6.0,8.0,14.0,10.0,24.0,12.0,16.0,28.0,1.3,0.8,1.0,1.1,1.3,1.2,0.6,0.75,0.38,6.0,1.2,5.0,1.0,12.0,11.0,23.0,4.0,4.0,8.0,2.0,3.0,5.0,6.0,4.0,10.0,9.0,9.0,18.0,15.0,10.0,25.0,0.8,0.8,0.8,1.3,0.9,1.1,3.0,3.0,6.0,1.0,0.0,1.0,3.0,1.0,4.0,1.0,0.0,1.0,0.44,0.56,0.5,0.5,0.36,0.36,0.53,0.47,0.2,0.8,0.36,0.64
0,212327,1,,Winner : Sporting CP,-3.5,-1.5,0.5,0.5,0.0,0.47,0.75,0.25,6.0,1.2,6.0,1.2,11.0,12.0,23.0,7.0,5.0,12.0,0.0,3.0,3.0,4.0,4.0,8.0,17.0,18.0,35.0,12.0,14.0,26.0,1.5,1.5,1.5,1.1,1.2,1.1,0.27,0.5,0.0,4.0,0.8,11.0,2.2,12.0,11.0,23.0,3.0,1.0,4.0,0.0,1.0,1.0,9.0,9.0,18.0,11.0,12.0,23.0,19.0,26.0,45.0,0.9,1.1,1.0,1.6,2.4,2.0,3.0,4.0,7.0,3.0,3.0,6.0,1.0,0.0,1.0,0.0,0.0,0.0,0.64,0.36,0.6,0.4,0.65,0.65,0.73,0.27,0.8,0.2,0.75,0.25
0,212332,N 2,,Double chance :  draws or Guimaraes,-1.5,-2.5,0.1,0.45,0.45,0.4,0.75,0.0,6.0,1.2,8.0,1.6,12.0,11.0,23.0,4.0,2.0,6.0,2.0,2.0,4.0,6.0,7.0,13.0,9.0,8.0,17.0,12.0,20.0,32.0,0.8,0.7,0.7,1.0,1.8,1.4,0.6,1.0,0.5,12.0,2.4,4.0,0.8,12.0,11.0,23.0,6.0,3.0,9.0,2.0,5.0,7.0,4.0,3.0,7.0,20.0,18.0,38.0,10.0,14.0,24.0,1.7,1.6,1.7,0.8,1.3,1.0,9.0,9.0,18.0,3.0,2.0,5.0,4.0,4.0,8.0,2.0,3.0,5.0,0.4,0.6,0.33,0.67,0.33,0.33,0.34,0.66,0.29,0.71,0.44,0.56
